id,date,user_id,email_intern
2,2024-04-26,26,""
3,2024-04-26,27,""
4,2024-04-29,1,""
5,2024-04-29,26,""
6,2024-04-29,27,""
7,2024-04-29,6,""
8,2024-04-30,1,maike@hhu.de
9,2024-04-30,320,Jammie4@hhu.de
10,2024-04-30,76,Arden1@hhu.de
11,2024-04-30,37,Jessie1@hhu.de
12,2024-04-30,39,Avery1@hhu.de
13,2024-04-30,41,Kerry1@hhu.de
14,2024-04-30,81,Clair1@hhu.de
15,2024-05-01,1,maike@hhu.de
16,2024-05-02,103,Tai1@hhu.de
17,2024-05-02,144,Lavern2@hhu.de
18,2024-05-02,117,Frankie2@hhu.de
19,2024-05-02,309,Channing4@hhu.de
20,2024-05-02,174,Torey2@hhu.de
21,2024-05-02,97,Azariah1@hhu.de
22,2024-05-02,81,Clair1@hhu.de
23,2024-05-02,98,Dakotah1@hhu.de
24,2024-05-02,226,Alva3@hhu.de
25,2024-05-02,242,Jael3@hhu.de
26,2024-05-02,42,Jody1@hhu.de
27,2024-05-02,204,Stevie3@hhu.de
28,2024-05-02,241,Sloan3@hhu.de
29,2024-05-02,263,Dru3@hhu.de
30,2024-05-02,127,Elisha2@hhu.de
31,2024-05-02,102,Torey1@hhu.de
32,2024-05-02,156,Michal2@hhu.de
33,2024-05-02,17,maikebil@hhu.de
34,2024-05-02,1,maike@hhu.de
35,2024-05-02,110,Jackie2@hhu.de
36,2024-05-02,60,Ollie1@hhu.de
37,2024-05-02,193,Quinn3@hhu.de
38,2024-05-02,37,Jessie1@hhu.de
39,2024-05-02,185,Avery3@hhu.de
40,2024-05-02,166,Yael2@hhu.de
41,2024-05-02,49,Reese1@hhu.de
42,2024-05-02,211,Devyn3@hhu.de
43,2024-05-02,315,Michal4@hhu.de
44,2024-05-02,318,Dominque4@hhu.de
45,2024-05-02,128,Sage2@hhu.de
46,2024-05-02,296,Devyn4@hhu.de
47,2024-05-02,201,Elisha3@hhu.de
48,2024-05-02,187,Kerry3@hhu.de
49,2024-05-02,43,Kendall1@hhu.de
50,2024-05-02,189,Kendall3@hhu.de
51,2024-05-02,273,Jody4@hhu.de
52,2024-05-02,304,Sky4@hhu.de
53,2024-05-02,308,Campbell4@hhu.de
54,2024-05-02,331,Artie4@hhu.de
55,2024-05-02,326,Sloan4@hhu.de
56,2024-05-02,268,Jessie4@hhu.de
57,2024-05-02,140,Milan2@hhu.de
58,2024-05-02,143,Shiloh2@hhu.de
59,2024-05-02,279,Harley4@hhu.de
60,2024-05-02,46,Pat1@hhu.de
61,2024-05-02,208,Jaylin3@hhu.de
62,2024-05-02,155,Britt2@hhu.de
63,2024-05-02,66,Ivory1@hhu.de
64,2024-05-02,111,Avery2@hhu.de
65,2024-05-02,53,Carey1@hhu.de
66,2024-05-02,266,Casey4@hhu.de
67,2024-05-02,167,Sloan2@hhu.de
68,2024-05-02,222,Arden3@hhu.de
69,2024-05-02,232,Rian3@hhu.de
70,2024-05-02,170,Dakotah2@hhu.de
71,2024-05-02,131,Rowan2@hhu.de
72,2024-05-02,330,Lorenza4@hhu.de
73,2024-05-02,165,Landry2@hhu.de
74,2024-05-02,100,Artie1@hhu.de
75,2024-05-02,120,Harley2@hhu.de
76,2024-05-02,212,Ivory3@hhu.de
77,2024-05-02,106,Storm1@hhu.de
78,2024-05-02,180,Merritt2@hhu.de
79,2024-05-02,285,Amari4@hhu.de
80,2024-05-02,178,Storm2@hhu.de
81,2024-05-02,283,Kris4@hhu.de
82,2024-05-02,323,Carrol4@hhu.de
83,2024-05-02,325,Yael4@hhu.de
84,2024-05-02,121,Reese2@hhu.de
85,2024-05-02,51,Tommie1@hhu.de
86,2024-05-02,90,Ricki1@hhu.de
87,2024-05-02,276,Frankie4@hhu.de
88,2024-05-02,116,Payton2@hhu.de
89,2024-05-02,238,Carrol3@hhu.de
91,2024-05-02,56,Sage1@hhu.de
92,2024-05-02,95,Sloan1@hhu.de
93,2024-05-02,157,Austyn2@hhu.de
94,2024-05-02,87,Dominque1@hhu.de
95,2024-05-02,119,Quinn2@hhu.de
96,2024-05-02,18,jana@hhu.de
97,2024-05-02,7,marc@hhu.de
99,2024-05-02,272,Kerry4@hhu.de
100,2024-05-02,47,Quinn1@hhu.de
101,2024-05-02,72,Lavern1@hhu.de
102,2024-05-02,134,Jaylin2@hhu.de
103,2024-05-02,82,Lavon1@hhu.de
104,2024-05-02,93,Landry1@hhu.de
105,2024-05-02,286,Elisha4@hhu.de
106,2024-05-02,194,Harley3@hhu.de
107,2024-05-02,295,Charley4@hhu.de
108,2024-05-02,73,Sky1@hhu.de
109,2024-05-02,311,Alva4@hhu.de
110,2024-05-02,259,Arin3@hhu.de
111,2024-05-02,254,Merritt3@hhu.de
112,2024-05-02,256,Jourdan3@hhu.de
113,2024-05-02,113,Kerry2@hhu.de
114,2024-05-02,59,Rowan1@hhu.de
115,2024-05-02,237,Jordin3@hhu.de
116,2024-05-02,257,Ellery3@hhu.de
117,2024-05-02,293,Jaylin4@hhu.de
118,2024-05-02,114,Jody2@hhu.de
119,2024-05-02,280,Reese4@hhu.de
120,2024-05-02,292,Shea4@hhu.de
121,2024-05-02,305,Reilly4@hhu.de
122,2024-05-02,112,Jaime2@hhu.de
123,2024-05-02,229,Britt3@hhu.de
124,2024-05-02,181,Casey3@hhu.de
125,2024-05-02,288,Emery4@hhu.de
126,2024-05-02,221,Leighton3@hhu.de
127,2024-05-02,159,Dominque2@hhu.de
128,2024-05-02,218,Lavern3@hhu.de
129,2024-05-02,8,carina@hhu.de
130,2024-05-02,163,Jordin2@hhu.de
131,2024-05-02,216,Shay3@hhu.de
132,2024-05-02,251,Codie3@hhu.de
133,2024-05-02,214,Milan3@hhu.de
134,2024-05-02,171,Lorenza2@hhu.de
135,2024-05-02,76,Arden1@hhu.de
136,2024-05-02,99,Lorenza1@hhu.de
137,2024-05-02,275,Payton4@hhu.de
138,2024-05-02,205,Rowan3@hhu.de
139,2024-05-02,57,Emery1@hhu.de
140,2024-05-02,86,Rian1@hhu.de
141,2024-05-02,327,Jael4@hhu.de
142,2024-05-02,104,Kalani1@hhu.de
143,2024-05-02,191,Frankie3@hhu.de
144,2024-05-02,207,Shea3@hhu.de
145,2024-05-02,133,Shea2@hhu.de
146,2024-05-02,146,Reilly2@hhu.de
147,2024-05-02,96,Jael1@hhu.de
148,2024-05-02,186,Jaime3@hhu.de
149,2024-05-02,58,Stevie1@hhu.de
150,2024-05-02,271,Jaime4@hhu.de
151,2024-05-02,240,Yael3@hhu.de
152,2024-05-02,168,Jael2@hhu.de
153,2024-05-02,177,Codie2@hhu.de
154,2024-05-02,61,Shea1@hhu.de
155,2024-05-02,80,Alva1@hhu.de
156,2024-05-02,122,Robbie2@hhu.de
157,2024-05-02,219,Sky3@hhu.de
158,2024-05-02,164,Carrol2@hhu.de
159,2024-05-02,206,Ollie3@hhu.de
160,2024-05-02,138,Ivory2@hhu.de
161,2024-05-02,239,Landry3@hhu.de
162,2024-05-02,139,Finley2@hhu.de
163,2024-05-02,118,Pat2@hhu.de
164,2024-05-02,169,Azariah2@hhu.de
165,2024-05-03,308,Campbell4@hhu.de
166,2024-05-03,80,Alva1@hhu.de
167,2024-05-03,144,Lavern2@hhu.de
168,2024-05-03,241,Sloan3@hhu.de
169,2024-05-03,226,Alva3@hhu.de
170,2024-05-03,110,Jackie2@hhu.de
171,2024-05-03,192,Pat3@hhu.de
172,2024-05-03,127,Elisha2@hhu.de
173,2024-05-03,174,Torey2@hhu.de
174,2024-05-03,115,Kendall2@hhu.de
175,2024-05-03,98,Dakotah1@hhu.de
176,2024-05-03,81,Clair1@hhu.de
177,2024-05-03,204,Stevie3@hhu.de
178,2024-05-03,263,Dru3@hhu.de
179,2024-05-03,47,Quinn1@hhu.de
180,2024-05-03,172,Artie2@hhu.de
181,2024-05-03,167,Sloan2@hhu.de
182,2024-05-03,60,Ollie1@hhu.de
183,2024-05-03,273,Jody4@hhu.de
184,2024-05-03,239,Landry3@hhu.de
185,2024-05-03,97,Azariah1@hhu.de
186,2024-05-03,181,Casey3@hhu.de
187,2024-05-03,100,Artie1@hhu.de
188,2024-05-03,288,Emery4@hhu.de
189,2024-05-03,51,Tommie1@hhu.de
190,2024-05-03,238,Carrol3@hhu.de
191,2024-05-03,61,Shea1@hhu.de
192,2024-05-03,93,Landry1@hhu.de
193,2024-05-03,66,Ivory1@hhu.de
194,2024-05-03,205,Rowan3@hhu.de
195,2024-05-03,211,Devyn3@hhu.de
197,2024-05-03,304,Sky4@hhu.de
198,2024-05-03,280,Reese4@hhu.de
200,2024-05-03,121,Reese2@hhu.de
201,2024-05-03,128,Sage2@hhu.de
202,2024-05-03,102,Torey1@hhu.de
203,2024-05-03,83,Britt1@hhu.de
204,2024-05-03,49,Reese1@hhu.de
205,2024-05-03,134,Jaylin2@hhu.de
206,2024-05-03,331,Artie4@hhu.de
207,2024-05-03,166,Yael2@hhu.de
208,2024-05-03,221,Leighton3@hhu.de
209,2024-05-03,209,Phoenix3@hhu.de
210,2024-05-03,43,Kendall1@hhu.de
211,2024-05-03,189,Kendall3@hhu.de
212,2024-05-03,111,Avery2@hhu.de
213,2024-05-03,282,Tommie4@hhu.de
214,2024-05-03,151,Kamari2@hhu.de
215,2024-05-03,253,Jaedyn3@hhu.de
216,2024-05-03,95,Sloan1@hhu.de
217,2024-05-03,155,Britt2@hhu.de
218,2024-05-03,187,Kerry3@hhu.de
219,2024-05-03,37,Jessie1@hhu.de
220,2024-05-03,156,Michal2@hhu.de
221,2024-05-03,223,Campbell3@hhu.de
222,2024-05-03,119,Quinn2@hhu.de
223,2024-05-03,53,Carey1@hhu.de
224,2024-05-03,296,Devyn4@hhu.de
225,2024-05-03,257,Ellery3@hhu.de
226,2024-05-03,212,Ivory3@hhu.de
227,2024-05-03,203,Emery3@hhu.de
228,2024-05-03,140,Milan2@hhu.de
229,2024-05-03,315,Michal4@hhu.de
230,2024-05-03,45,Frankie1@hhu.de
231,2024-05-03,256,Jourdan3@hhu.de
232,2024-05-03,145,Sky2@hhu.de
233,2024-05-03,183,Jessie3@hhu.de
234,2024-05-03,279,Harley4@hhu.de
235,2024-05-03,159,Dominque2@hhu.de
236,2024-05-03,158,Rian2@hhu.de
237,2024-05-03,1,maike@hhu.de
238,2024-05-03,120,Harley2@hhu.de
239,2024-05-03,86,Rian1@hhu.de
240,2024-05-03,266,Casey4@hhu.de
241,2024-05-03,50,Robbie1@hhu.de
242,2024-05-03,311,Alva4@hhu.de
243,2024-05-03,178,Storm2@hhu.de
244,2024-05-03,44,Payton1@hhu.de
245,2024-05-03,323,Carrol4@hhu.de
246,2024-05-03,56,Sage1@hhu.de
247,2024-05-03,325,Yael4@hhu.de
248,2024-05-03,180,Merritt2@hhu.de
249,2024-05-03,103,Tai1@hhu.de
250,2024-05-03,157,Austyn2@hhu.de
251,2024-05-03,131,Rowan2@hhu.de
252,2024-05-03,143,Shiloh2@hhu.de
253,2024-05-03,276,Frankie4@hhu.de
254,2024-05-03,59,Rowan1@hhu.de
255,2024-05-03,234,Remy3@hhu.de
256,2024-05-03,106,Storm1@hhu.de
257,2024-05-03,286,Elisha4@hhu.de
258,2024-05-03,36,Riley1@hhu.de
259,2024-05-03,232,Rian3@hhu.de
260,2024-05-03,201,Elisha3@hhu.de
261,2024-05-03,72,Lavern1@hhu.de
262,2024-05-03,112,Jaime2@hhu.de
263,2024-05-03,113,Kerry2@hhu.de
264,2024-05-03,305,Reilly4@hhu.de
265,2024-05-03,40,Jaime1@hhu.de
266,2024-05-03,73,Sky1@hhu.de
267,2024-05-03,252,Storm3@hhu.de
268,2024-05-03,132,Ollie2@hhu.de
269,2024-05-03,141,Tory2@hhu.de
270,2024-05-03,89,Jammie1@hhu.de
271,2024-05-03,184,Jackie3@hhu.de
272,2024-05-03,298,Finley4@hhu.de
273,2024-05-03,114,Jody2@hhu.de
274,2024-05-03,214,Milan3@hhu.de
275,2024-05-03,283,Kris4@hhu.de
276,2024-05-03,175,Tai2@hhu.de
277,2024-05-03,272,Kerry4@hhu.de
278,2024-05-03,292,Shea4@hhu.de
279,2024-05-03,108,Riley2@hhu.de
280,2024-05-03,199,Carey3@hhu.de
281,2024-05-03,8,carina@hhu.de
282,2024-05-03,160,Remy2@hhu.de
283,2024-05-03,330,Lorenza4@hhu.de
284,2024-05-03,18,jana@hhu.de
285,2024-05-03,24,stefanw@hhu.de
286,2024-05-03,16,florian@hhu.de
287,2024-05-03,57,Emery1@hhu.de
288,2024-05-03,99,Lorenza1@hhu.de
289,2024-05-03,255,Allyn3@hhu.de
290,2024-05-03,64,Charley1@hhu.de
291,2024-05-03,229,Britt3@hhu.de
292,2024-05-03,165,Landry2@hhu.de
293,2024-05-03,242,Jael3@hhu.de
294,2024-05-03,190,Payton3@hhu.de
295,2024-05-03,82,Lavon1@hhu.de
296,2024-05-03,58,Stevie1@hhu.de
297,2024-05-03,258,Ellison3@hhu.de
298,2024-05-03,185,Avery3@hhu.de
299,2024-05-03,171,Lorenza2@hhu.de
300,2024-05-03,319,Remy4@hhu.de
301,2024-05-03,191,Frankie3@hhu.de
302,2024-05-03,290,Rowan4@hhu.de
303,2024-05-03,133,Shea2@hhu.de
304,2024-05-03,54,Amari1@hhu.de
305,2024-05-03,96,Jael1@hhu.de
306,2024-05-03,320,Jammie4@hhu.de
307,2024-05-03,163,Jordin2@hhu.de
308,2024-05-03,186,Jaime3@hhu.de
309,2024-05-03,148,Arden2@hhu.de
310,2024-05-03,104,Kalani1@hhu.de
311,2024-05-03,42,Jody1@hhu.de
312,2024-05-03,268,Jessie4@hhu.de
313,2024-05-03,207,Shea3@hhu.de
314,2024-05-03,206,Ollie3@hhu.de
315,2024-05-03,138,Ivory2@hhu.de
316,2024-05-03,87,Dominque1@hhu.de
317,2024-05-03,68,Milan1@hhu.de
318,2024-05-04,328,Azariah4@hhu.de
319,2024-05-04,118,Pat2@hhu.de
320,2024-05-04,328,Azariah4@hhu.de
321,2024-05-04,328,Azariah4@hhu.de
322,2024-05-04,118,Pat2@hhu.de
323,2024-05-04,206,Ollie3@hhu.de
326,2024-05-04,80,Alva1@hhu.de
327,2024-05-04,115,Kendall2@hhu.de
328,2024-05-04,61,Shea1@hhu.de
329,2024-05-04,174,Torey2@hhu.de
330,2024-05-04,97,Azariah1@hhu.de
331,2024-05-04,110,Jackie2@hhu.de
332,2024-05-04,192,Pat3@hhu.de
333,2024-05-04,221,Leighton3@hhu.de
334,2024-05-04,241,Sloan3@hhu.de
335,2024-05-04,185,Avery3@hhu.de
336,2024-05-04,98,Dakotah1@hhu.de
337,2024-05-04,70,Shay1@hhu.de
338,2024-05-04,102,Torey1@hhu.de
339,2024-05-04,60,Ollie1@hhu.de
340,2024-05-04,183,Jessie3@hhu.de
341,2024-05-04,187,Kerry3@hhu.de
342,2024-05-04,211,Devyn3@hhu.de
343,2024-05-04,68,Milan1@hhu.de
344,2024-05-04,55,Elisha1@hhu.de
345,2024-05-04,1,maike@hhu.de
346,2024-05-04,198,Kris3@hhu.de
347,2024-05-04,204,Stevie3@hhu.de
348,2024-05-04,156,Michal2@hhu.de
349,2024-05-04,129,Emery2@hhu.de
350,2024-05-04,140,Milan2@hhu.de
351,2024-05-04,49,Reese1@hhu.de
352,2024-05-04,117,Frankie2@hhu.de
353,2024-05-04,128,Sage2@hhu.de
354,2024-05-04,168,Jael2@hhu.de
355,2024-05-04,256,Jourdan3@hhu.de
356,2024-05-04,79,Kamari1@hhu.de
357,2024-05-04,268,Jessie4@hhu.de
358,2024-05-04,308,Campbell4@hhu.de
359,2024-05-04,87,Dominque1@hhu.de
360,2024-05-04,330,Lorenza4@hhu.de
361,2024-05-04,157,Austyn2@hhu.de
362,2024-05-04,180,Merritt2@hhu.de
363,2024-05-04,255,Allyn3@hhu.de
364,2024-05-04,242,Jael3@hhu.de
365,2024-05-04,127,Elisha2@hhu.de
366,2024-05-04,298,Finley4@hhu.de
367,2024-05-04,257,Ellery3@hhu.de
368,2024-05-04,93,Landry1@hhu.de
369,2024-05-04,301,Shay4@hhu.de
370,2024-05-04,172,Artie2@hhu.de
371,2024-05-04,296,Devyn4@hhu.de
372,2024-05-04,86,Rian1@hhu.de
373,2024-05-04,253,Jaedyn3@hhu.de
374,2024-05-04,73,Sky1@hhu.de
375,2024-05-04,222,Arden3@hhu.de
376,2024-05-04,43,Kendall1@hhu.de
377,2024-05-04,81,Clair1@hhu.de
378,2024-05-04,266,Casey4@hhu.de
379,2024-05-04,111,Avery2@hhu.de
380,2024-05-04,159,Dominque2@hhu.de
381,2024-05-04,100,Artie1@hhu.de
382,2024-05-04,84,Michal1@hhu.de
383,2024-05-04,51,Tommie1@hhu.de
384,2024-05-04,189,Kendall3@hhu.de
385,2024-05-04,53,Carey1@hhu.de
386,2024-05-04,232,Rian3@hhu.de
387,2024-05-04,275,Payton4@hhu.de
388,2024-05-04,312,Clair4@hhu.de
389,2024-05-04,167,Sloan2@hhu.de
390,2024-05-04,50,Robbie1@hhu.de
391,2024-05-04,325,Yael4@hhu.de
392,2024-05-04,292,Shea4@hhu.de
393,2024-05-04,216,Shay3@hhu.de
394,2024-05-04,214,Milan3@hhu.de
395,2024-05-04,323,Carrol4@hhu.de
396,2024-05-04,119,Quinn2@hhu.de
397,2024-05-04,121,Reese2@hhu.de
398,2024-05-04,286,Elisha4@hhu.de
399,2024-05-04,108,Riley2@hhu.de
400,2024-05-04,54,Amari1@hhu.de
401,2024-05-04,158,Rian2@hhu.de
402,2024-05-04,276,Frankie4@hhu.de
403,2024-05-04,188,Jody3@hhu.de
404,2024-05-04,124,Kris2@hhu.de
405,2024-05-04,315,Michal4@hhu.de
406,2024-05-04,203,Emery3@hhu.de
407,2024-05-04,90,Ricki1@hhu.de
408,2024-05-04,165,Landry2@hhu.de
409,2024-05-04,163,Jordin2@hhu.de
410,2024-05-04,171,Lorenza2@hhu.de
411,2024-05-04,272,Kerry4@hhu.de
412,2024-05-04,239,Landry3@hhu.de
413,2024-05-04,122,Robbie2@hhu.de
414,2024-05-04,169,Azariah2@hhu.de
415,2024-05-04,114,Jody2@hhu.de
416,2024-05-04,209,Phoenix3@hhu.de
417,2024-05-04,113,Kerry2@hhu.de
418,2024-05-04,324,Landry4@hhu.de
419,2024-05-04,112,Jaime2@hhu.de
420,2024-05-04,120,Harley2@hhu.de
421,2024-05-04,47,Quinn1@hhu.de
422,2024-05-04,106,Storm1@hhu.de
423,2024-05-04,238,Carrol3@hhu.de
424,2024-05-04,304,Sky4@hhu.de
425,2024-05-04,229,Britt3@hhu.de
426,2024-05-04,282,Tommie4@hhu.de
427,2024-05-04,311,Alva4@hhu.de
428,2024-05-04,96,Jael1@hhu.de
429,2024-05-04,8,carina@hhu.de
430,2024-05-04,184,Jackie3@hhu.de
431,2024-05-04,59,Rowan1@hhu.de
432,2024-05-04,64,Charley1@hhu.de
433,2024-05-04,162,Ricki2@hhu.de
434,2024-05-04,194,Harley3@hhu.de
435,2024-05-04,82,Lavon1@hhu.de
436,2024-05-04,327,Jael4@hhu.de
437,2024-05-04,160,Remy2@hhu.de
438,2024-05-04,72,Lavern1@hhu.de
439,2024-05-04,57,Emery1@hhu.de
440,2024-05-04,258,Ellison3@hhu.de
441,2024-05-04,58,Stevie1@hhu.de
442,2024-05-04,104,Kalani1@hhu.de
443,2024-05-04,89,Jammie1@hhu.de
444,2024-05-04,199,Carey3@hhu.de
445,2024-05-04,305,Reilly4@hhu.de
446,2024-05-04,56,Sage1@hhu.de
447,2024-05-04,175,Tai2@hhu.de
448,2024-05-04,155,Britt2@hhu.de
449,2024-05-04,207,Shea3@hhu.de
450,2024-05-04,319,Remy4@hhu.de
451,2024-05-04,281,Robbie4@hhu.de
452,2024-05-04,215,Tory3@hhu.de
453,2024-05-04,329,Dakotah4@hhu.de
454,2024-05-04,218,Lavern3@hhu.de
455,2024-05-04,201,Elisha3@hhu.de
456,2024-05-04,249,Tai3@hhu.de
457,2024-05-04,99,Lorenza1@hhu.de
458,2024-05-04,101,Maxie1@hhu.de
459,2024-05-04,138,Ivory2@hhu.de
460,2024-05-04,191,Frankie3@hhu.de
461,2024-05-04,278,Quinn4@hhu.de
462,2024-05-04,186,Jaime3@hhu.de
463,2024-05-04,212,Ivory3@hhu.de
464,2024-05-05,69,Tory1@hhu.de
465,2024-05-05,203,Emery3@hhu.de
466,2024-05-05,308,Campbell4@hhu.de
467,2024-05-05,107,Casey2@hhu.de
468,2024-05-05,60,Ollie1@hhu.de
469,2024-05-05,156,Michal2@hhu.de
470,2024-05-05,45,Frankie1@hhu.de
471,2024-05-05,49,Reese1@hhu.de
472,2024-05-05,211,Devyn3@hhu.de
473,2024-05-05,282,Tommie4@hhu.de
474,2024-05-05,185,Avery3@hhu.de
475,2024-05-05,209,Phoenix3@hhu.de
476,2024-05-05,85,Austyn1@hhu.de
477,2024-05-05,168,Jael2@hhu.de
478,2024-05-05,331,Artie4@hhu.de
479,2024-05-05,98,Dakotah1@hhu.de
480,2024-05-05,296,Devyn4@hhu.de
481,2024-05-05,174,Torey2@hhu.de
482,2024-05-05,204,Stevie3@hhu.de
483,2024-05-05,187,Kerry3@hhu.de
484,2024-05-05,309,Channing4@hhu.de
485,2024-05-05,280,Reese4@hhu.de
486,2024-05-05,292,Shea4@hhu.de
487,2024-05-05,255,Allyn3@hhu.de
488,2024-05-05,128,Sage2@hhu.de
489,2024-05-05,50,Robbie1@hhu.de
490,2024-05-05,127,Elisha2@hhu.de
491,2024-05-05,139,Finley2@hhu.de
492,2024-05-05,329,Dakotah4@hhu.de
493,2024-05-05,311,Alva4@hhu.de
494,2024-05-05,256,Jourdan3@hhu.de
495,2024-05-05,51,Tommie1@hhu.de
496,2024-05-05,140,Milan2@hhu.de
497,2024-05-05,222,Arden3@hhu.de
498,2024-05-05,304,Sky4@hhu.de
499,2024-05-05,70,Shay1@hhu.de
500,2024-05-05,144,Lavern2@hhu.de
501,2024-05-05,122,Robbie2@hhu.de
502,2024-05-05,257,Ellery3@hhu.de
503,2024-05-05,80,Alva1@hhu.de
504,2024-05-05,167,Sloan2@hhu.de
505,2024-05-05,86,Rian1@hhu.de
506,2024-05-05,73,Sky1@hhu.de
507,2024-05-05,119,Quinn2@hhu.de
508,2024-05-05,87,Dominque1@hhu.de
509,2024-05-05,242,Jael3@hhu.de
510,2024-05-05,317,Rian4@hhu.de
511,2024-05-05,61,Shea1@hhu.de
512,2024-05-05,305,Reilly4@hhu.de
513,2024-05-05,312,Clair4@hhu.de
514,2024-05-05,81,Clair1@hhu.de
515,2024-05-05,160,Remy2@hhu.de
516,2024-05-05,76,Arden1@hhu.de
517,2024-05-05,97,Azariah1@hhu.de
518,2024-05-05,241,Sloan3@hhu.de
519,2024-05-05,42,Jody1@hhu.de
520,2024-05-05,93,Landry1@hhu.de
521,2024-05-05,314,Britt4@hhu.de
522,2024-05-05,196,Robbie3@hhu.de
523,2024-05-05,95,Sloan1@hhu.de
524,2024-05-05,172,Artie2@hhu.de
525,2024-05-05,175,Tai2@hhu.de
526,2024-05-05,229,Britt3@hhu.de
527,2024-05-05,71,Shiloh1@hhu.de
528,2024-05-05,100,Artie1@hhu.de
529,2024-05-05,79,Kamari1@hhu.de
530,2024-05-05,235,Jammie3@hhu.de
531,2024-05-05,272,Kerry4@hhu.de
532,2024-05-05,206,Ollie3@hhu.de
533,2024-05-05,68,Milan1@hhu.de
534,2024-05-05,232,Rian3@hhu.de
535,2024-05-05,170,Dakotah2@hhu.de
536,2024-05-05,47,Quinn1@hhu.de
537,2024-05-05,298,Finley4@hhu.de
538,2024-05-05,155,Britt2@hhu.de
539,2024-05-05,237,Jordin3@hhu.de
541,2024-05-05,121,Reese2@hhu.de
542,2024-05-05,112,Jaime2@hhu.de
544,2024-05-05,90,Ricki1@hhu.de
545,2024-05-05,102,Torey1@hhu.de
546,2024-05-05,163,Jordin2@hhu.de
547,2024-05-05,106,Storm1@hhu.de
548,2024-05-05,275,Payton4@hhu.de
549,2024-05-05,226,Alva3@hhu.de
550,2024-05-05,111,Avery2@hhu.de
551,2024-05-05,114,Jody2@hhu.de
552,2024-05-05,135,Phoenix2@hhu.de
553,2024-05-05,189,Kendall3@hhu.de
554,2024-05-05,96,Jael1@hhu.de
555,2024-05-05,77,Campbell1@hhu.de
556,2024-05-05,323,Carrol4@hhu.de
557,2024-05-05,276,Frankie4@hhu.de
558,2024-05-05,157,Austyn2@hhu.de
559,2024-05-05,59,Rowan1@hhu.de
560,2024-05-05,120,Harley2@hhu.de
561,2024-05-05,215,Tory3@hhu.de
562,2024-05-05,53,Carey1@hhu.de
563,2024-05-05,262,Lennie3@hhu.de
564,2024-05-05,319,Remy4@hhu.de
565,2024-05-05,266,Casey4@hhu.de
566,2024-05-05,239,Landry3@hhu.de
567,2024-05-05,159,Dominque2@hhu.de
568,2024-05-05,8,carina@hhu.de
569,2024-05-05,1,maike@hhu.de
570,2024-05-05,330,Lorenza4@hhu.de
571,2024-05-05,328,Azariah4@hhu.de
572,2024-05-05,124,Kris2@hhu.de
573,2024-05-05,171,Lorenza2@hhu.de
574,2024-05-05,57,Emery1@hhu.de
575,2024-05-05,104,Kalani1@hhu.de
576,2024-05-05,158,Rian2@hhu.de
577,2024-05-05,116,Payton2@hhu.de
578,2024-05-05,316,Austyn4@hhu.de
579,2024-05-05,113,Kerry2@hhu.de
580,2024-05-05,302,Shiloh4@hhu.de
581,2024-05-05,115,Kendall2@hhu.de
582,2024-05-05,133,Shea2@hhu.de
583,2024-05-05,43,Kendall1@hhu.de
584,2024-05-05,207,Shea3@hhu.de
585,2024-05-05,268,Jessie4@hhu.de
586,2024-05-05,214,Milan3@hhu.de
587,2024-05-05,315,Michal4@hhu.de
588,2024-05-05,82,Lavon1@hhu.de
589,2024-05-05,263,Dru3@hhu.de
590,2024-05-05,165,Landry2@hhu.de
591,2024-05-05,108,Riley2@hhu.de
592,2024-05-05,273,Jody4@hhu.de
593,2024-05-05,201,Elisha3@hhu.de
594,2024-05-05,244,Dakotah3@hhu.de
595,2024-05-05,180,Merritt2@hhu.de
596,2024-05-05,321,Ricki4@hhu.de
597,2024-05-05,44,Payton1@hhu.de
598,2024-05-05,141,Tory2@hhu.de
599,2024-05-05,182,Riley3@hhu.de
600,2024-05-05,177,Codie2@hhu.de
601,2024-05-05,99,Lorenza1@hhu.de
602,2024-05-05,103,Tai1@hhu.de
603,2024-05-05,138,Ivory2@hhu.de
604,2024-05-05,212,Ivory3@hhu.de
605,2024-05-05,56,Sage1@hhu.de
606,2024-05-05,118,Pat2@hhu.de
607,2024-05-05,67,Finley1@hhu.de
608,2024-05-05,186,Jaime3@hhu.de
609,2024-05-06,133,Shea2@hhu.de
610,2024-05-06,81,Clair1@hhu.de
611,2024-05-06,87,Dominque1@hhu.de
612,2024-05-06,60,Ollie1@hhu.de
613,2024-05-06,174,Torey2@hhu.de
614,2024-05-06,242,Jael3@hhu.de
615,2024-05-06,79,Kamari1@hhu.de
616,2024-05-06,241,Sloan3@hhu.de
617,2024-05-06,68,Milan1@hhu.de
618,2024-05-06,185,Avery3@hhu.de
619,2024-05-06,1,maike@hhu.de
620,2024-05-06,124,Kris2@hhu.de
621,2024-05-06,125,Carey2@hhu.de
622,2024-05-06,282,Tommie4@hhu.de
623,2024-05-06,115,Kendall2@hhu.de
624,2024-05-06,204,Stevie3@hhu.de
625,2024-05-06,61,Shea1@hhu.de
626,2024-05-06,49,Reese1@hhu.de
627,2024-05-06,85,Austyn1@hhu.de
628,2024-05-06,98,Dakotah1@hhu.de
629,2024-05-06,167,Sloan2@hhu.de
630,2024-05-06,165,Landry2@hhu.de
631,2024-05-06,280,Reese4@hhu.de
632,2024-05-06,296,Devyn4@hhu.de
633,2024-05-06,316,Austyn4@hhu.de
634,2024-05-06,229,Britt3@hhu.de
635,2024-05-06,156,Michal2@hhu.de
636,2024-05-06,116,Payton2@hhu.de
637,2024-05-06,172,Artie2@hhu.de
638,2024-05-06,35,Casey1@hhu.de
639,2024-05-06,304,Sky4@hhu.de
640,2024-05-06,44,Payton1@hhu.de
641,2024-05-06,207,Shea3@hhu.de
642,2024-05-06,193,Quinn3@hhu.de
643,2024-05-06,157,Austyn2@hhu.de
644,2024-05-06,189,Kendall3@hhu.de
645,2024-05-06,187,Kerry3@hhu.de
646,2024-05-06,279,Harley4@hhu.de
647,2024-05-06,302,Shiloh4@hhu.de
648,2024-05-06,155,Britt2@hhu.de
649,2024-05-06,308,Campbell4@hhu.de
650,2024-05-06,273,Jody4@hhu.de
651,2024-05-06,288,Emery4@hhu.de
652,2024-05-06,209,Phoenix3@hhu.de
653,2024-05-06,108,Riley2@hhu.de
654,2024-05-06,211,Devyn3@hhu.de
655,2024-05-06,315,Michal4@hhu.de
656,2024-05-06,214,Milan3@hhu.de
657,2024-05-06,86,Rian1@hhu.de
658,2024-05-06,111,Avery2@hhu.de
659,2024-05-06,100,Artie1@hhu.de
660,2024-05-06,222,Arden3@hhu.de
661,2024-05-06,120,Harley2@hhu.de
662,2024-05-06,256,Jourdan3@hhu.de
663,2024-05-06,53,Carey1@hhu.de
664,2024-05-06,330,Lorenza4@hhu.de
665,2024-05-06,159,Dominque2@hhu.de
666,2024-05-06,235,Jammie3@hhu.de
667,2024-05-06,331,Artie4@hhu.de
668,2024-05-06,257,Ellery3@hhu.de
669,2024-05-06,314,Britt4@hhu.de
670,2024-05-06,312,Clair4@hhu.de
671,2024-05-06,323,Carrol4@hhu.de
672,2024-05-06,51,Tommie1@hhu.de
673,2024-05-06,8,carina@hhu.de
675,2024-05-06,121,Reese2@hhu.de
676,2024-05-06,129,Emery2@hhu.de
677,2024-05-06,216,Shay3@hhu.de
678,2024-05-06,262,Lennie3@hhu.de
679,2024-05-06,119,Quinn2@hhu.de
680,2024-05-06,268,Jessie4@hhu.de
681,2024-05-06,163,Jordin2@hhu.de
682,2024-05-06,190,Payton3@hhu.de
683,2024-05-06,7,marc@hhu.de
684,2024-05-06,50,Robbie1@hhu.de
685,2024-05-06,180,Merritt2@hhu.de
686,2024-05-06,275,Payton4@hhu.de
687,2024-05-06,43,Kendall1@hhu.de
688,2024-05-06,80,Alva1@hhu.de
689,2024-05-06,297,Ivory4@hhu.de
690,2024-05-06,237,Jordin3@hhu.de
691,2024-05-06,212,Ivory3@hhu.de
692,2024-05-06,160,Remy2@hhu.de
693,2024-05-06,307,Arden4@hhu.de
694,2024-05-06,141,Tory2@hhu.de
695,2024-05-06,106,Storm1@hhu.de
696,2024-05-06,113,Kerry2@hhu.de
697,2024-05-06,82,Lavon1@hhu.de
698,2024-05-06,101,Maxie1@hhu.de
699,2024-05-06,40,Jaime1@hhu.de
700,2024-05-06,114,Jody2@hhu.de
701,2024-05-06,59,Rowan1@hhu.de
702,2024-05-06,234,Remy3@hhu.de
703,2024-05-06,292,Shea4@hhu.de
704,2024-05-06,295,Charley4@hhu.de
705,2024-05-06,272,Kerry4@hhu.de
706,2024-05-06,276,Frankie4@hhu.de
707,2024-05-06,73,Sky1@hhu.de
708,2024-05-06,259,Arin3@hhu.de
709,2024-05-06,158,Rian2@hhu.de
710,2024-05-06,277,Pat4@hhu.de
711,2024-05-06,127,Elisha2@hhu.de
712,2024-05-06,93,Landry1@hhu.de
714,2024-05-06,171,Lorenza2@hhu.de
715,2024-05-06,181,Casey3@hhu.de
716,2024-05-06,239,Landry3@hhu.de
717,2024-05-06,37,Jessie1@hhu.de
718,2024-05-06,203,Emery3@hhu.de
719,2024-05-06,232,Rian3@hhu.de
720,2024-05-06,96,Jael1@hhu.de
721,2024-05-06,99,Lorenza1@hhu.de
722,2024-05-06,286,Elisha4@hhu.de
723,2024-05-06,57,Emery1@hhu.de
724,2024-05-06,258,Ellison3@hhu.de
725,2024-05-06,102,Torey1@hhu.de
726,2024-05-06,39,Avery1@hhu.de
727,2024-05-06,255,Allyn3@hhu.de
728,2024-05-06,194,Harley3@hhu.de
729,2024-05-06,298,Finley4@hhu.de
730,2024-05-06,36,Riley1@hhu.de
731,2024-05-06,196,Robbie3@hhu.de
732,2024-05-06,319,Remy4@hhu.de
733,2024-05-06,223,Campbell3@hhu.de
734,2024-05-06,140,Milan2@hhu.de
735,2024-05-06,253,Jaedyn3@hhu.de
736,2024-05-06,95,Sloan1@hhu.de
737,2024-05-06,266,Casey4@hhu.de
738,2024-05-06,58,Stevie1@hhu.de
739,2024-05-06,271,Jaime4@hhu.de
740,2024-05-06,186,Jaime3@hhu.de
741,2024-05-06,104,Kalani1@hhu.de
742,2024-05-06,128,Sage2@hhu.de
743,2024-05-06,89,Jammie1@hhu.de
744,2024-05-06,168,Jael2@hhu.de
745,2024-05-06,16,florian@hhu.de
746,2024-05-06,164,Carrol2@hhu.de
747,2024-05-06,218,Lavern3@hhu.de
748,2024-05-06,281,Robbie4@hhu.de
749,2024-05-06,112,Jaime2@hhu.de
750,2024-05-06,169,Azariah2@hhu.de
751,2024-05-06,201,Elisha3@hhu.de
752,2024-05-06,305,Reilly4@hhu.de
753,2024-05-06,283,Kris4@hhu.de
754,2024-05-06,182,Riley3@hhu.de
755,2024-05-06,138,Ivory2@hhu.de
756,2024-05-06,329,Dakotah4@hhu.de
757,2024-05-06,139,Finley2@hhu.de
758,2024-05-06,177,Codie2@hhu.de
759,2024-05-06,137,Devyn2@hhu.de
760,2024-05-06,206,Ollie3@hhu.de
761,2024-05-06,67,Finley1@hhu.de
762,2024-05-06,56,Sage1@hhu.de
763,2024-05-07,54,Amari1@hhu.de
764,2024-05-07,54,Amari1@hhu.de
765,2024-05-07,174,Torey2@hhu.de
766,2024-05-07,47,Quinn1@hhu.de
767,2024-05-07,81,Clair1@hhu.de
768,2024-05-07,79,Kamari1@hhu.de
769,2024-05-07,273,Jody4@hhu.de
770,2024-05-07,185,Avery3@hhu.de
771,2024-05-07,331,Artie4@hhu.de
772,2024-05-07,268,Jessie4@hhu.de
773,2024-05-07,189,Kendall3@hhu.de
774,2024-05-07,51,Tommie1@hhu.de
775,2024-05-07,220,Reilly3@hhu.de
776,2024-05-07,111,Avery2@hhu.de
777,2024-05-07,159,Dominque2@hhu.de
778,2024-05-07,211,Devyn3@hhu.de
779,2024-05-07,187,Kerry3@hhu.de
780,2024-05-07,155,Britt2@hhu.de
781,2024-05-07,119,Quinn2@hhu.de
782,2024-05-07,183,Jessie3@hhu.de
783,2024-05-07,156,Michal2@hhu.de
784,2024-05-07,100,Artie1@hhu.de
785,2024-05-07,87,Dominque1@hhu.de
786,2024-05-07,53,Carey1@hhu.de
787,2024-05-07,212,Ivory3@hhu.de
788,2024-05-07,124,Kris2@hhu.de
789,2024-05-07,314,Britt4@hhu.de
790,2024-05-07,60,Ollie1@hhu.de
791,2024-05-07,43,Kendall1@hhu.de
792,2024-05-07,86,Rian1@hhu.de
793,2024-05-07,279,Harley4@hhu.de
794,2024-05-07,50,Robbie1@hhu.de
795,2024-05-07,120,Harley2@hhu.de
796,2024-05-07,275,Payton4@hhu.de
797,2024-05-07,229,Britt3@hhu.de
798,2024-05-07,121,Reese2@hhu.de
799,2024-05-07,95,Sloan1@hhu.de
800,2024-05-07,315,Michal4@hhu.de
801,2024-05-07,160,Remy2@hhu.de
802,2024-05-07,188,Jody3@hhu.de
803,2024-05-07,225,Kamari3@hhu.de
804,2024-05-07,1,maike@hhu.de
805,2024-05-07,280,Reese4@hhu.de
806,2024-05-07,56,Sage1@hhu.de
807,2024-05-07,238,Carrol3@hhu.de
808,2024-05-07,311,Alva4@hhu.de
809,2024-05-07,259,Arin3@hhu.de
810,2024-05-07,114,Jody2@hhu.de
811,2024-05-07,319,Remy4@hhu.de
812,2024-05-07,308,Campbell4@hhu.de
813,2024-05-07,103,Tai1@hhu.de
814,2024-05-07,235,Jammie3@hhu.de
815,2024-05-07,294,Phoenix4@hhu.de
816,2024-05-07,116,Payton2@hhu.de
817,2024-05-07,115,Kendall2@hhu.de
818,2024-05-07,263,Dru3@hhu.de
819,2024-05-07,36,Riley1@hhu.de
820,2024-05-07,157,Austyn2@hhu.de
821,2024-05-07,158,Rian2@hhu.de
823,2024-05-07,112,Jaime2@hhu.de
824,2024-05-07,113,Kerry2@hhu.de
825,2024-05-07,276,Frankie4@hhu.de
826,2024-05-07,141,Tory2@hhu.de
827,2024-05-07,221,Leighton3@hhu.de
828,2024-05-07,304,Sky4@hhu.de
829,2024-05-07,305,Reilly4@hhu.de
830,2024-05-07,272,Kerry4@hhu.de
831,2024-05-07,104,Kalani1@hhu.de
832,2024-05-07,218,Lavern3@hhu.de
833,2024-05-07,171,Lorenza2@hhu.de
834,2024-05-07,196,Robbie3@hhu.de
835,2024-05-07,256,Jourdan3@hhu.de
836,2024-05-07,99,Lorenza1@hhu.de
837,2024-05-07,172,Artie2@hhu.de
838,2024-05-07,303,Lavern4@hhu.de
839,2024-05-07,101,Maxie1@hhu.de
840,2024-05-07,219,Sky3@hhu.de
841,2024-05-07,237,Jordin3@hhu.de
842,2024-05-07,180,Merritt2@hhu.de
843,2024-05-07,8,carina@hhu.de
844,2024-05-07,209,Phoenix3@hhu.de
845,2024-05-07,278,Quinn4@hhu.de
846,2024-05-07,140,Milan2@hhu.de
847,2024-05-07,190,Payton3@hhu.de
848,2024-05-07,57,Emery1@hhu.de
849,2024-05-07,182,Riley3@hhu.de
850,2024-05-07,76,Arden1@hhu.de
851,2024-05-07,127,Elisha2@hhu.de
852,2024-05-07,133,Shea2@hhu.de
853,2024-05-07,80,Alva1@hhu.de
854,2024-05-07,131,Rowan2@hhu.de
855,2024-05-07,58,Stevie1@hhu.de
856,2024-05-07,137,Devyn2@hhu.de
857,2024-05-07,234,Remy3@hhu.de
858,2024-05-07,239,Landry3@hhu.de
859,2024-05-07,102,Torey1@hhu.de
860,2024-05-07,144,Lavern2@hhu.de
861,2024-05-07,45,Frankie1@hhu.de
862,2024-05-07,69,Tory1@hhu.de
863,2024-05-07,186,Jaime3@hhu.de
864,2024-05-07,307,Arden4@hhu.de
865,2024-05-07,203,Emery3@hhu.de
866,2024-05-07,148,Arden2@hhu.de
867,2024-05-07,286,Elisha4@hhu.de
868,2024-05-07,139,Finley2@hhu.de
869,2024-05-07,118,Pat2@hhu.de
870,2024-05-07,138,Ivory2@hhu.de
871,2024-05-07,316,Austyn4@hhu.de
872,2024-05-07,163,Jordin2@hhu.de
873,2024-05-07,123,Tommie2@hhu.de
874,2024-05-07,323,Carrol4@hhu.de
875,2024-05-07,72,Lavern1@hhu.de
876,2024-05-07,89,Jammie1@hhu.de
877,2024-05-08,301,Shay4@hhu.de
878,2024-05-08,301,Shay4@hhu.de
879,2024-05-08,321,Ricki4@hhu.de
880,2024-05-08,301,Shay4@hhu.de
881,2024-05-08,241,Sloan3@hhu.de
882,2024-05-08,241,Sloan3@hhu.de
883,2024-05-08,103,Tai1@hhu.de
884,2024-05-08,292,Shea4@hhu.de
885,2024-05-08,309,Channing4@hhu.de
886,2024-05-08,83,Britt1@hhu.de
887,2024-05-08,110,Jackie2@hhu.de
888,2024-05-08,97,Azariah1@hhu.de
889,2024-05-08,60,Ollie1@hhu.de
890,2024-05-08,81,Clair1@hhu.de
891,2024-05-08,144,Lavern2@hhu.de
892,2024-05-08,242,Jael3@hhu.de
893,2024-05-08,192,Pat3@hhu.de
894,2024-05-08,174,Torey2@hhu.de
895,2024-05-08,68,Milan1@hhu.de
896,2024-05-08,58,Stevie1@hhu.de
897,2024-05-08,70,Shay1@hhu.de
898,2024-05-08,268,Jessie4@hhu.de
899,2024-05-08,79,Kamari1@hhu.de
900,2024-05-08,287,Sage4@hhu.de
901,2024-05-08,331,Artie4@hhu.de
902,2024-05-08,239,Landry3@hhu.de
903,2024-05-08,185,Avery3@hhu.de
904,2024-05-08,93,Landry1@hhu.de
905,2024-05-08,273,Jody4@hhu.de
906,2024-05-08,193,Quinn3@hhu.de
907,2024-05-08,49,Reese1@hhu.de
908,2024-05-08,289,Stevie4@hhu.de
909,2024-05-08,316,Austyn4@hhu.de
910,2024-05-08,140,Milan2@hhu.de
911,2024-05-08,204,Stevie3@hhu.de
912,2024-05-08,232,Rian3@hhu.de
913,2024-05-08,304,Sky4@hhu.de
914,2024-05-08,252,Storm3@hhu.de
915,2024-05-08,43,Kendall1@hhu.de
916,2024-05-08,124,Kris2@hhu.de
917,2024-05-08,189,Kendall3@hhu.de
918,2024-05-08,56,Sage1@hhu.de
919,2024-05-08,45,Frankie1@hhu.de
920,2024-05-08,155,Britt2@hhu.de
921,2024-05-08,76,Arden1@hhu.de
922,2024-05-08,282,Tommie4@hhu.de
923,2024-05-08,141,Tory2@hhu.de
924,2024-05-08,111,Avery2@hhu.de
925,2024-05-08,280,Reese4@hhu.de
926,2024-05-08,190,Payton3@hhu.de
927,2024-05-08,95,Sloan1@hhu.de
928,2024-05-08,314,Britt4@hhu.de
929,2024-05-08,167,Sloan2@hhu.de
930,2024-05-08,211,Devyn3@hhu.de
931,2024-05-08,35,Casey1@hhu.de
932,2024-05-08,330,Lorenza4@hhu.de
933,2024-05-08,53,Carey1@hhu.de
934,2024-05-08,90,Ricki1@hhu.de
935,2024-05-08,100,Artie1@hhu.de
936,2024-05-08,157,Austyn2@hhu.de
937,2024-05-08,1,maike@hhu.de
938,2024-05-08,209,Phoenix3@hhu.de
939,2024-05-08,311,Alva4@hhu.de
940,2024-05-08,50,Robbie1@hhu.de
941,2024-05-08,222,Arden3@hhu.de
942,2024-05-08,180,Merritt2@hhu.de
943,2024-05-08,112,Jaime2@hhu.de
944,2024-05-08,159,Dominque2@hhu.de
945,2024-05-08,101,Maxie1@hhu.de
946,2024-05-08,87,Dominque1@hhu.de
947,2024-05-08,207,Shea3@hhu.de
948,2024-05-08,86,Rian1@hhu.de
949,2024-05-08,323,Carrol4@hhu.de
950,2024-05-08,54,Amari1@hhu.de
951,2024-05-08,257,Ellery3@hhu.de
952,2024-05-08,119,Quinn2@hhu.de
953,2024-05-08,212,Ivory3@hhu.de
954,2024-05-08,297,Ivory4@hhu.de
955,2024-05-08,231,Austyn3@hhu.de
956,2024-05-08,51,Tommie1@hhu.de
957,2024-05-08,256,Jourdan3@hhu.de
958,2024-05-08,128,Sage2@hhu.de
959,2024-05-08,82,Lavon1@hhu.de
960,2024-05-08,116,Payton2@hhu.de
962,2024-05-08,229,Britt3@hhu.de
963,2024-05-08,235,Jammie3@hhu.de
964,2024-05-08,106,Storm1@hhu.de
965,2024-05-08,47,Quinn1@hhu.de
966,2024-05-08,36,Riley1@hhu.de
967,2024-05-08,276,Frankie4@hhu.de
968,2024-05-08,72,Lavern1@hhu.de
969,2024-05-08,238,Carrol3@hhu.de
970,2024-05-08,319,Remy4@hhu.de
971,2024-05-08,315,Michal4@hhu.de
972,2024-05-08,308,Campbell4@hhu.de
973,2024-05-08,201,Elisha3@hhu.de
975,2024-05-08,42,Jody1@hhu.de
976,2024-05-08,286,Elisha4@hhu.de
977,2024-05-08,66,Ivory1@hhu.de
978,2024-05-08,73,Sky1@hhu.de
979,2024-05-08,262,Lennie3@hhu.de
980,2024-05-08,137,Devyn2@hhu.de
981,2024-05-08,98,Dakotah1@hhu.de
982,2024-05-08,113,Kerry2@hhu.de
983,2024-05-08,57,Emery1@hhu.de
984,2024-05-08,172,Artie2@hhu.de
985,2024-05-08,59,Rowan1@hhu.de
986,2024-05-08,277,Pat4@hhu.de
987,2024-05-08,115,Kendall2@hhu.de
988,2024-05-08,114,Jody2@hhu.de
989,2024-05-08,253,Jaedyn3@hhu.de
990,2024-05-08,214,Milan3@hhu.de
991,2024-05-08,120,Harley2@hhu.de
992,2024-05-08,272,Kerry4@hhu.de
993,2024-05-08,234,Remy3@hhu.de
994,2024-05-08,254,Merritt3@hhu.de
995,2024-05-08,196,Robbie3@hhu.de
996,2024-05-08,203,Emery3@hhu.de
997,2024-05-08,158,Rian2@hhu.de
998,2024-05-08,182,Riley3@hhu.de
999,2024-05-08,219,Sky3@hhu.de
1000,2024-05-08,255,Allyn3@hhu.de
1001,2024-05-08,156,Michal2@hhu.de
1002,2024-05-08,216,Shay3@hhu.de
1003,2024-05-08,326,Sloan4@hhu.de
1004,2024-05-08,145,Sky2@hhu.de
1005,2024-05-08,275,Payton4@hhu.de
1006,2024-05-08,133,Shea2@hhu.de
1007,2024-05-08,183,Jessie3@hhu.de
1008,2024-05-08,121,Reese2@hhu.de
1009,2024-05-08,298,Finley4@hhu.de
1010,2024-05-08,131,Rowan2@hhu.de
1011,2024-05-08,96,Jael1@hhu.de
1012,2024-05-08,263,Dru3@hhu.de
1013,2024-05-08,318,Dominque4@hhu.de
1014,2024-05-08,295,Charley4@hhu.de
1015,2024-05-08,226,Alva3@hhu.de
1016,2024-05-08,237,Jordin3@hhu.de
1017,2024-05-08,186,Jaime3@hhu.de
1018,2024-05-08,117,Frankie2@hhu.de
1019,2024-05-08,271,Jaime4@hhu.de
1020,2024-05-08,165,Landry2@hhu.de
1021,2024-05-08,269,Jackie4@hhu.de
1022,2024-05-08,312,Clair4@hhu.de
1023,2024-05-08,148,Arden2@hhu.de
1024,2024-05-08,102,Torey1@hhu.de
1025,2024-05-08,324,Landry4@hhu.de
1026,2024-05-08,291,Ollie4@hhu.de
1027,2024-05-08,171,Lorenza2@hhu.de
1028,2024-05-08,104,Kalani1@hhu.de
1029,2024-05-08,160,Remy2@hhu.de
1030,2024-05-08,129,Emery2@hhu.de
1031,2024-05-08,187,Kerry3@hhu.de
1032,2024-05-08,123,Tommie2@hhu.de
1033,2024-05-08,138,Ivory2@hhu.de
1034,2024-05-08,61,Shea1@hhu.de
1035,2024-05-08,288,Emery4@hhu.de
1036,2024-05-08,80,Alva1@hhu.de
1037,2024-05-08,169,Azariah2@hhu.de
1038,2024-05-08,139,Finley2@hhu.de
1039,2024-05-08,118,Pat2@hhu.de
1040,2024-05-09,206,Ollie3@hhu.de
1041,2024-05-09,332,Maxie4@hhu.de
1042,2024-05-09,98,Dakotah1@hhu.de
1043,2024-05-09,221,Leighton3@hhu.de
1044,2024-05-09,331,Artie4@hhu.de
1045,2024-05-09,60,Ollie1@hhu.de
1046,2024-05-09,273,Jody4@hhu.de
1047,2024-05-09,268,Jessie4@hhu.de
1048,2024-05-09,156,Michal2@hhu.de
1049,2024-05-09,277,Pat4@hhu.de
1050,2024-05-09,211,Devyn3@hhu.de
1051,2024-05-09,115,Kendall2@hhu.de
1052,2024-05-09,159,Dominque2@hhu.de
1053,2024-05-09,157,Austyn2@hhu.de
1054,2024-05-09,193,Quinn3@hhu.de
1055,2024-05-09,296,Devyn4@hhu.de
1056,2024-05-09,51,Tommie1@hhu.de
1057,2024-05-09,44,Payton1@hhu.de
1058,2024-05-09,174,Torey2@hhu.de
1059,2024-05-09,68,Milan1@hhu.de
1060,2024-05-09,185,Avery3@hhu.de
1061,2024-05-09,57,Emery1@hhu.de
1062,2024-05-09,295,Charley4@hhu.de
1063,2024-05-09,49,Reese1@hhu.de
1064,2024-05-09,124,Kris2@hhu.de
1065,2024-05-09,127,Elisha2@hhu.de
1066,2024-05-09,226,Alva3@hhu.de
1067,2024-05-09,111,Avery2@hhu.de
1068,2024-05-09,168,Jael2@hhu.de
1069,2024-05-09,204,Stevie3@hhu.de
1070,2024-05-09,61,Shea1@hhu.de
1071,2024-05-09,235,Jammie3@hhu.de
1072,2024-05-09,69,Tory1@hhu.de
1073,2024-05-09,172,Artie2@hhu.de
1074,2024-05-09,93,Landry1@hhu.de
1075,2024-05-09,43,Kendall1@hhu.de
1076,2024-05-09,128,Sage2@hhu.de
1077,2024-05-09,280,Reese4@hhu.de
1078,2024-05-09,123,Tommie2@hhu.de
1079,2024-05-09,140,Milan2@hhu.de
1080,2024-05-09,257,Ellery3@hhu.de
1081,2024-05-09,189,Kendall3@hhu.de
1082,2024-05-09,81,Clair1@hhu.de
1083,2024-05-09,53,Carey1@hhu.de
1084,2024-05-09,307,Arden4@hhu.de
1085,2024-05-09,155,Britt2@hhu.de
1086,2024-05-09,207,Shea3@hhu.de
1087,2024-05-09,312,Clair4@hhu.de
1088,2024-05-09,35,Casey1@hhu.de
1089,2024-05-09,70,Shay1@hhu.de
1090,2024-05-09,317,Rian4@hhu.de
1091,2024-05-09,50,Robbie1@hhu.de
1092,2024-05-09,229,Britt3@hhu.de
1093,2024-05-09,255,Allyn3@hhu.de
1094,2024-05-09,86,Rian1@hhu.de
1095,2024-05-09,232,Rian3@hhu.de
1096,2024-05-09,314,Britt4@hhu.de
1097,2024-05-09,120,Harley2@hhu.de
1098,2024-05-09,252,Storm3@hhu.de
1099,2024-05-09,56,Sage1@hhu.de
1100,2024-05-09,95,Sloan1@hhu.de
1101,2024-05-09,1,maike@hhu.de
1102,2024-05-09,167,Sloan2@hhu.de
1103,2024-05-09,256,Jourdan3@hhu.de
1104,2024-05-09,160,Remy2@hhu.de
1105,2024-05-09,242,Jael3@hhu.de
1106,2024-05-09,323,Carrol4@hhu.de
1107,2024-05-09,101,Maxie1@hhu.de
1108,2024-05-09,311,Alva4@hhu.de
1109,2024-05-09,100,Artie1@hhu.de
1110,2024-05-09,325,Yael4@hhu.de
1111,2024-05-09,316,Austyn4@hhu.de
1112,2024-05-09,297,Ivory4@hhu.de
1113,2024-05-09,308,Campbell4@hhu.de
1116,2024-05-09,291,Ollie4@hhu.de
1117,2024-05-09,130,Stevie2@hhu.de
1118,2024-05-09,171,Lorenza2@hhu.de
1119,2024-05-09,90,Ricki1@hhu.de
1120,2024-05-09,209,Phoenix3@hhu.de
1121,2024-05-09,180,Merritt2@hhu.de
1122,2024-05-09,113,Kerry2@hhu.de
1123,2024-05-09,83,Britt1@hhu.de
1124,2024-05-09,231,Austyn3@hhu.de
1125,2024-05-09,129,Emery2@hhu.de
1126,2024-05-09,175,Tai2@hhu.de
1127,2024-05-09,196,Robbie3@hhu.de
1128,2024-05-09,262,Lennie3@hhu.de
1129,2024-05-09,272,Kerry4@hhu.de
1130,2024-05-09,276,Frankie4@hhu.de
1131,2024-05-09,286,Elisha4@hhu.de
1132,2024-05-09,114,Jody2@hhu.de
1133,2024-05-09,203,Emery3@hhu.de
1134,2024-05-09,89,Jammie1@hhu.de
1135,2024-05-09,212,Ivory3@hhu.de
1136,2024-05-09,279,Harley4@hhu.de
1137,2024-05-09,59,Rowan1@hhu.de
1138,2024-05-09,119,Quinn2@hhu.de
1139,2024-05-09,292,Shea4@hhu.de
1140,2024-05-09,214,Milan3@hhu.de
1141,2024-05-09,76,Arden1@hhu.de
1142,2024-05-09,91,Jordin1@hhu.de
1143,2024-05-09,278,Quinn4@hhu.de
1144,2024-05-09,181,Casey3@hhu.de
1145,2024-05-09,282,Tommie4@hhu.de
1146,2024-05-09,87,Dominque1@hhu.de
1147,2024-05-09,319,Remy4@hhu.de
1148,2024-05-09,238,Carrol3@hhu.de
1149,2024-05-09,141,Tory2@hhu.de
1150,2024-05-09,73,Sky1@hhu.de
1151,2024-05-09,96,Jael1@hhu.de
1152,2024-05-09,55,Elisha1@hhu.de
1153,2024-05-09,182,Riley3@hhu.de
1154,2024-05-09,104,Kalani1@hhu.de
1155,2024-05-09,79,Kamari1@hhu.de
1156,2024-05-09,191,Frankie3@hhu.de
1157,2024-05-09,304,Sky4@hhu.de
1158,2024-05-09,321,Ricki4@hhu.de
1159,2024-05-09,102,Torey1@hhu.de
1160,2024-05-09,251,Codie3@hhu.de
1161,2024-05-09,54,Amari1@hhu.de
1162,2024-05-09,275,Payton4@hhu.de
1163,2024-05-09,330,Lorenza4@hhu.de
1164,2024-05-09,58,Stevie1@hhu.de
1165,2024-05-09,158,Rian2@hhu.de
1166,2024-05-09,17,maikebil@hhu.de
1167,2024-05-09,239,Landry3@hhu.de
1168,2024-05-09,163,Jordin2@hhu.de
1169,2024-05-09,263,Dru3@hhu.de
1170,2024-05-09,82,Lavon1@hhu.de
1171,2024-05-09,146,Reilly2@hhu.de
1172,2024-05-09,186,Jaime3@hhu.de
1173,2024-05-09,283,Kris4@hhu.de
1174,2024-05-09,301,Shay4@hhu.de
1175,2024-05-09,99,Lorenza1@hhu.de
1176,2024-05-09,8,carina@hhu.de
1177,2024-05-09,112,Jaime2@hhu.de
1178,2024-05-09,103,Tai1@hhu.de
1179,2024-05-09,67,Finley1@hhu.de
1180,2024-05-09,138,Ivory2@hhu.de
1181,2024-05-09,137,Devyn2@hhu.de
1182,2024-05-09,118,Pat2@hhu.de
1183,2024-05-09,253,Jaedyn3@hhu.de
1184,2024-05-09,106,Storm1@hhu.de
1185,2024-05-09,298,Finley4@hhu.de
1186,2024-05-10,192,Pat3@hhu.de
1187,2024-05-10,55,Elisha1@hhu.de
1189,2024-05-10,45,Frankie1@hhu.de
1190,2024-05-10,102,Torey1@hhu.de
1191,2024-05-10,60,Ollie1@hhu.de
1192,2024-05-10,49,Reese1@hhu.de
1193,2024-05-10,321,Ricki4@hhu.de
1194,2024-05-10,70,Shay1@hhu.de
1195,2024-05-10,68,Milan1@hhu.de
1196,2024-05-10,115,Kendall2@hhu.de
1197,2024-05-10,241,Sloan3@hhu.de
1198,2024-05-10,174,Torey2@hhu.de
1199,2024-05-10,229,Britt3@hhu.de
1200,2024-05-10,180,Merritt2@hhu.de
1201,2024-05-10,97,Azariah1@hhu.de
1202,2024-05-10,183,Jessie3@hhu.de
1203,2024-05-10,226,Alva3@hhu.de
1204,2024-05-10,185,Avery3@hhu.de
1205,2024-05-10,151,Kamari2@hhu.de
1206,2024-05-10,204,Stevie3@hhu.de
1207,2024-05-10,296,Devyn4@hhu.de
1208,2024-05-10,51,Tommie1@hhu.de
1209,2024-05-10,61,Shea1@hhu.de
1210,2024-05-10,83,Britt1@hhu.de
1211,2024-05-10,262,Lennie3@hhu.de
1212,2024-05-10,189,Kendall3@hhu.de
1213,2024-05-10,232,Rian3@hhu.de
1214,2024-05-10,209,Phoenix3@hhu.de
1215,2024-05-10,35,Casey1@hhu.de
1216,2024-05-10,167,Sloan2@hhu.de
1217,2024-05-10,211,Devyn3@hhu.de
1218,2024-05-10,317,Rian4@hhu.de
1219,2024-05-10,87,Dominque1@hhu.de
1220,2024-05-10,156,Michal2@hhu.de
1221,2024-05-10,141,Tory2@hhu.de
1222,2024-05-10,53,Carey1@hhu.de
1223,2024-05-10,43,Kendall1@hhu.de
1224,2024-05-10,312,Clair4@hhu.de
1225,2024-05-10,298,Finley4@hhu.de
1226,2024-05-10,314,Britt4@hhu.de
1227,2024-05-10,42,Jody1@hhu.de
1228,2024-05-10,308,Campbell4@hhu.de
1229,2024-05-10,263,Dru3@hhu.de
1230,2024-05-10,127,Elisha2@hhu.de
1231,2024-05-10,159,Dominque2@hhu.de
1232,2024-05-10,193,Quinn3@hhu.de
1233,2024-05-10,140,Milan2@hhu.de
1234,2024-05-10,155,Britt2@hhu.de
1235,2024-05-10,256,Jourdan3@hhu.de
1236,2024-05-10,67,Finley1@hhu.de
1237,2024-05-10,128,Sage2@hhu.de
1238,2024-05-10,235,Jammie3@hhu.de
1239,2024-05-10,86,Rian1@hhu.de
1240,2024-05-10,172,Artie2@hhu.de
1241,2024-05-10,157,Austyn2@hhu.de
1242,2024-05-10,44,Payton1@hhu.de
1243,2024-05-10,222,Arden3@hhu.de
1244,2024-05-10,257,Ellery3@hhu.de
1245,2024-05-10,198,Kris3@hhu.de
1246,2024-05-10,277,Pat4@hhu.de
1247,2024-05-10,100,Artie1@hhu.de
1248,2024-05-10,242,Jael3@hhu.de
1249,2024-05-10,190,Payton3@hhu.de
1250,2024-05-10,111,Avery2@hhu.de
1251,2024-05-10,98,Dakotah1@hhu.de
1252,2024-05-10,144,Lavern2@hhu.de
1253,2024-05-10,328,Azariah4@hhu.de
1254,2024-05-10,73,Sky1@hhu.de
1255,2024-05-10,95,Sloan1@hhu.de
1256,2024-05-10,203,Emery3@hhu.de
1257,2024-05-10,90,Ricki1@hhu.de
1258,2024-05-10,315,Michal4@hhu.de
1259,2024-05-10,251,Codie3@hhu.de
1260,2024-05-10,124,Kris2@hhu.de
1261,2024-05-10,316,Austyn4@hhu.de
1262,2024-05-10,279,Harley4@hhu.de
1263,2024-05-10,50,Robbie1@hhu.de
1264,2024-05-10,255,Allyn3@hhu.de
1265,2024-05-10,108,Riley2@hhu.de
1266,2024-05-10,93,Landry1@hhu.de
1267,2024-05-10,268,Jessie4@hhu.de
1268,2024-05-10,119,Quinn2@hhu.de
1269,2024-05-10,272,Kerry4@hhu.de
1270,2024-05-10,129,Emery2@hhu.de
1271,2024-05-10,120,Harley2@hhu.de
1272,2024-05-10,171,Lorenza2@hhu.de
1273,2024-05-10,116,Payton2@hhu.de
1274,2024-05-10,275,Payton4@hhu.de
1275,2024-05-10,36,Riley1@hhu.de
1276,2024-05-10,292,Shea4@hhu.de
1277,2024-05-10,216,Shay3@hhu.de
1278,2024-05-10,175,Tai2@hhu.de
1279,2024-05-10,276,Frankie4@hhu.de
1280,2024-05-10,187,Kerry3@hhu.de
1281,2024-05-10,113,Kerry2@hhu.de
1282,2024-05-10,94,Yael1@hhu.de
1283,2024-05-10,54,Amari1@hhu.de
1284,2024-05-10,194,Harley3@hhu.de
1285,2024-05-10,196,Robbie3@hhu.de
1286,2024-05-10,238,Carrol3@hhu.de
1287,2024-05-10,160,Remy2@hhu.de
1288,2024-05-10,301,Shay4@hhu.de
1289,2024-05-10,71,Shiloh1@hhu.de
1290,2024-05-10,295,Charley4@hhu.de
1291,2024-05-10,92,Carrol1@hhu.de
1292,2024-05-10,273,Jody4@hhu.de
1293,2024-05-10,117,Frankie2@hhu.de
1294,2024-05-10,82,Lavon1@hhu.de
1295,2024-05-10,114,Jody2@hhu.de
1296,2024-05-10,323,Carrol4@hhu.de
1297,2024-05-10,56,Sage1@hhu.de
1298,2024-05-10,165,Landry2@hhu.de
1299,2024-05-10,254,Merritt3@hhu.de
1300,2024-05-10,57,Emery1@hhu.de
1301,2024-05-10,59,Rowan1@hhu.de
1302,2024-05-10,330,Lorenza4@hhu.de
1303,2024-05-10,319,Remy4@hhu.de
1304,2024-05-10,291,Ollie4@hhu.de
1305,2024-05-10,79,Kamari1@hhu.de
1306,2024-05-10,207,Shea3@hhu.de
1307,2024-05-10,283,Kris4@hhu.de
1308,2024-05-10,123,Tommie2@hhu.de
1309,2024-05-10,237,Jordin3@hhu.de
1310,2024-05-10,8,carina@hhu.de
1311,2024-05-10,133,Shea2@hhu.de
1312,2024-05-10,158,Rian2@hhu.de
1313,2024-05-10,208,Jaylin3@hhu.de
1314,2024-05-10,282,Tommie4@hhu.de
1315,2024-05-10,122,Robbie2@hhu.de
1316,2024-05-10,214,Milan3@hhu.de
1317,2024-05-10,58,Stevie1@hhu.de
1318,2024-05-10,212,Ivory3@hhu.de
1319,2024-05-10,112,Jaime2@hhu.de
1320,2024-05-10,186,Jaime3@hhu.de
1321,2024-05-10,221,Leighton3@hhu.de
1322,2024-05-10,96,Jael1@hhu.de
1323,2024-05-10,332,Maxie4@hhu.de
1324,2024-05-10,41,Kerry1@hhu.de
1325,2024-05-10,269,Jackie4@hhu.de
1326,2024-05-10,318,Dominque4@hhu.de
1327,2024-05-10,84,Michal1@hhu.de
1328,2024-05-10,191,Frankie3@hhu.de
1329,2024-05-10,218,Lavern3@hhu.de
1330,2024-05-10,239,Landry3@hhu.de
1331,2024-05-10,39,Avery1@hhu.de
1332,2024-05-10,304,Sky4@hhu.de
1333,2024-05-10,89,Jammie1@hhu.de
1334,2024-05-10,104,Kalani1@hhu.de
1335,2024-05-10,138,Ivory2@hhu.de
1336,2024-05-10,137,Devyn2@hhu.de
1337,2024-05-10,163,Jordin2@hhu.de
1338,2024-05-10,143,Shiloh2@hhu.de
1339,2024-05-10,253,Jaedyn3@hhu.de
1340,2024-05-10,69,Tory1@hhu.de
1341,2024-05-11,118,Pat2@hhu.de
1342,2024-05-11,118,Pat2@hhu.de
1343,2024-05-11,47,Quinn1@hhu.de
1344,2024-05-11,206,Ollie3@hhu.de
1345,2024-05-11,291,Ollie4@hhu.de
1346,2024-05-11,60,Ollie1@hhu.de
1347,2024-05-11,185,Avery3@hhu.de
1348,2024-05-11,192,Pat3@hhu.de
1349,2024-05-11,49,Reese1@hhu.de
1350,2024-05-11,115,Kendall2@hhu.de
1351,2024-05-11,174,Torey2@hhu.de
1352,2024-05-11,110,Jackie2@hhu.de
1353,2024-05-11,209,Phoenix3@hhu.de
1354,2024-05-11,61,Shea1@hhu.de
1355,2024-05-11,296,Devyn4@hhu.de
1356,2024-05-11,277,Pat4@hhu.de
1357,2024-05-11,68,Milan1@hhu.de
1358,2024-05-11,232,Rian3@hhu.de
1359,2024-05-11,51,Tommie1@hhu.de
1360,2024-05-11,156,Michal2@hhu.de
1361,2024-05-11,229,Britt3@hhu.de
1362,2024-05-11,124,Kris2@hhu.de
1363,2024-05-11,98,Dakotah1@hhu.de
1364,2024-05-11,44,Payton1@hhu.de
1365,2024-05-11,93,Landry1@hhu.de
1366,2024-05-11,329,Dakotah4@hhu.de
1367,2024-05-11,211,Devyn3@hhu.de
1368,2024-05-11,116,Payton2@hhu.de
1369,2024-05-11,239,Landry3@hhu.de
1370,2024-05-11,127,Elisha2@hhu.de
1371,2024-05-11,256,Jourdan3@hhu.de
1372,2024-05-11,95,Sloan1@hhu.de
1373,2024-05-11,316,Austyn4@hhu.de
1374,2024-05-11,268,Jessie4@hhu.de
1375,2024-05-11,159,Dominque2@hhu.de
1376,2024-05-11,292,Shea4@hhu.de
1377,2024-05-11,288,Emery4@hhu.de
1378,2024-05-11,128,Sage2@hhu.de
1379,2024-05-11,312,Clair4@hhu.de
1380,2024-05-11,158,Rian2@hhu.de
1381,2024-05-11,140,Milan2@hhu.de
1382,2024-05-11,35,Casey1@hhu.de
1383,2024-05-11,180,Merritt2@hhu.de
1384,2024-05-11,257,Ellery3@hhu.de
1385,2024-05-11,222,Arden3@hhu.de
1386,2024-05-11,204,Stevie3@hhu.de
1387,2024-05-11,314,Britt4@hhu.de
1388,2024-05-11,70,Shay1@hhu.de
1389,2024-05-11,160,Remy2@hhu.de
1390,2024-05-11,241,Sloan3@hhu.de
1391,2024-05-11,157,Austyn2@hhu.de
1392,2024-05-11,330,Lorenza4@hhu.de
1393,2024-05-11,100,Artie1@hhu.de
1394,2024-05-11,167,Sloan2@hhu.de
1395,2024-05-11,108,Riley2@hhu.de
1396,2024-05-11,315,Michal4@hhu.de
1397,2024-05-11,119,Quinn2@hhu.de
1398,2024-05-11,87,Dominque1@hhu.de
1399,2024-05-11,189,Kendall3@hhu.de
1400,2024-05-11,165,Landry2@hhu.de
1401,2024-05-11,102,Torey1@hhu.de
1402,2024-05-11,84,Michal1@hhu.de
1403,2024-05-11,91,Jordin1@hhu.de
1404,2024-05-11,272,Kerry4@hhu.de
1405,2024-05-11,221,Leighton3@hhu.de
1406,2024-05-11,280,Reese4@hhu.de
1407,2024-05-11,236,Ricki3@hhu.de
1408,2024-05-11,130,Stevie2@hhu.de
1409,2024-05-11,53,Carey1@hhu.de
1410,2024-05-11,269,Jackie4@hhu.de
1411,2024-05-11,208,Jaylin3@hhu.de
1412,2024-05-11,308,Campbell4@hhu.de
1413,2024-05-11,273,Jody4@hhu.de
1414,2024-05-11,43,Kendall1@hhu.de
1415,2024-05-11,242,Jael3@hhu.de
1416,2024-05-11,237,Jordin3@hhu.de
1417,2024-05-11,86,Rian1@hhu.de
1418,2024-05-11,69,Tory1@hhu.de
1419,2024-05-11,331,Artie4@hhu.de
1420,2024-05-11,295,Charley4@hhu.de
1421,2024-05-11,144,Lavern2@hhu.de
1422,2024-05-11,56,Sage1@hhu.de
1423,2024-05-11,132,Ollie2@hhu.de
1424,2024-05-11,40,Jaime1@hhu.de
1425,2024-05-11,112,Jaime2@hhu.de
1426,2024-05-11,97,Azariah1@hhu.de
1427,2024-05-11,73,Sky1@hhu.de
1428,2024-05-11,113,Kerry2@hhu.de
1429,2024-05-11,203,Emery3@hhu.de
1430,2024-05-11,90,Ricki1@hhu.de
1431,2024-05-11,172,Artie2@hhu.de
1432,2024-05-11,50,Robbie1@hhu.de
1433,2024-05-11,297,Ivory4@hhu.de
1434,2024-05-11,58,Stevie1@hhu.de
1435,2024-05-11,79,Kamari1@hhu.de
1436,2024-05-11,253,Jaedyn3@hhu.de
1437,2024-05-11,120,Harley2@hhu.de
1438,2024-05-11,171,Lorenza2@hhu.de
1439,2024-05-11,305,Reilly4@hhu.de
1440,2024-05-11,155,Britt2@hhu.de
1441,2024-05-11,282,Tommie4@hhu.de
1442,2024-05-11,300,Tory4@hhu.de
1443,2024-05-11,83,Britt1@hhu.de
1444,2024-05-11,276,Frankie4@hhu.de
1445,2024-05-11,41,Kerry1@hhu.de
1446,2024-05-11,57,Emery1@hhu.de
1447,2024-05-11,103,Tai1@hhu.de
1448,2024-05-11,114,Jody2@hhu.de
1449,2024-05-11,205,Rowan3@hhu.de
1450,2024-05-11,59,Rowan1@hhu.de
1451,2024-05-11,262,Lennie3@hhu.de
1452,2024-05-11,196,Robbie3@hhu.de
1453,2024-05-11,309,Channing4@hhu.de
1454,2024-05-11,175,Tai2@hhu.de
1455,2024-05-11,323,Carrol4@hhu.de
1456,2024-05-11,212,Ivory3@hhu.de
1457,2024-05-11,319,Remy4@hhu.de
1458,2024-05-11,304,Sky4@hhu.de
1459,2024-05-11,235,Jammie3@hhu.de
1460,2024-05-11,252,Storm3@hhu.de
1461,2024-05-11,137,Devyn2@hhu.de
1462,2024-05-11,190,Payton3@hhu.de
1463,2024-05-11,55,Elisha1@hhu.de
1464,2024-05-11,263,Dru3@hhu.de
1465,2024-05-11,99,Lorenza1@hhu.de
1466,2024-05-11,163,Jordin2@hhu.de
1467,2024-05-11,218,Lavern3@hhu.de
1468,2024-05-11,101,Maxie1@hhu.de
1469,2024-05-11,8,carina@hhu.de
1470,2024-05-11,121,Reese2@hhu.de
1471,2024-05-11,131,Rowan2@hhu.de
1472,2024-05-11,104,Kalani1@hhu.de
1473,2024-05-11,82,Lavon1@hhu.de
1474,2024-05-11,177,Codie2@hhu.de
1475,2024-05-11,138,Ivory2@hhu.de
1476,2024-05-11,89,Jammie1@hhu.de
1477,2024-05-11,186,Jaime3@hhu.de
1478,2024-05-11,1,maike@hhu.de
1479,2024-05-12,244,Dakotah3@hhu.de
1480,2024-05-12,1,maike@hhu.de
1481,2024-05-12,70,Shay1@hhu.de
1482,2024-05-12,68,Milan1@hhu.de
1483,2024-05-12,60,Ollie1@hhu.de
1484,2024-05-12,192,Pat3@hhu.de
1485,2024-05-12,256,Jourdan3@hhu.de
1486,2024-05-12,73,Sky1@hhu.de
1487,2024-05-12,193,Quinn3@hhu.de
1488,2024-05-12,174,Torey2@hhu.de
1489,2024-05-12,49,Reese1@hhu.de
1490,2024-05-12,115,Kendall2@hhu.de
1491,2024-05-12,296,Devyn4@hhu.de
1492,2024-05-12,208,Jaylin3@hhu.de
1493,2024-05-12,232,Rian3@hhu.de
1494,2024-05-12,51,Tommie1@hhu.de
1495,2024-05-12,157,Austyn2@hhu.de
1496,2024-05-12,124,Kris2@hhu.de
1497,2024-05-12,316,Austyn4@hhu.de
1498,2024-05-12,163,Jordin2@hhu.de
1499,2024-05-12,35,Casey1@hhu.de
1500,2024-05-12,314,Britt4@hhu.de
1501,2024-05-12,111,Avery2@hhu.de
1502,2024-05-12,119,Quinn2@hhu.de
1503,2024-05-12,204,Stevie3@hhu.de
1504,2024-05-12,79,Kamari1@hhu.de
1505,2024-05-12,280,Reese4@hhu.de
1506,2024-05-12,159,Dominque2@hhu.de
1507,2024-05-12,172,Artie2@hhu.de
1508,2024-05-12,108,Riley2@hhu.de
1509,2024-05-12,93,Landry1@hhu.de
1510,2024-05-12,185,Avery3@hhu.de
1511,2024-05-12,331,Artie4@hhu.de
1512,2024-05-12,282,Tommie4@hhu.de
1513,2024-05-12,311,Alva4@hhu.de
1514,2024-05-12,123,Tommie2@hhu.de
1515,2024-05-12,127,Elisha2@hhu.de
1516,2024-05-12,329,Dakotah4@hhu.de
1517,2024-05-12,128,Sage2@hhu.de
1518,2024-05-12,321,Ricki4@hhu.de
1519,2024-05-12,71,Shiloh1@hhu.de
1520,2024-05-12,330,Lorenza4@hhu.de
1521,2024-05-12,229,Britt3@hhu.de
1522,2024-05-12,120,Harley2@hhu.de
1523,2024-05-12,312,Clair4@hhu.de
1524,2024-05-12,140,Milan2@hhu.de
1525,2024-05-12,86,Rian1@hhu.de
1526,2024-05-12,104,Kalani1@hhu.de
1527,2024-05-12,167,Sloan2@hhu.de
1528,2024-05-12,211,Devyn3@hhu.de
1529,2024-05-12,53,Carey1@hhu.de
1530,2024-05-12,242,Jael3@hhu.de
1531,2024-05-12,206,Ollie3@hhu.de
1532,2024-05-12,262,Lennie3@hhu.de
1533,2024-05-12,207,Shea3@hhu.de
1534,2024-05-12,100,Artie1@hhu.de
1535,2024-05-12,160,Remy2@hhu.de
1536,2024-05-12,257,Ellery3@hhu.de
1537,2024-05-12,315,Michal4@hhu.de
1538,2024-05-12,297,Ivory4@hhu.de
1539,2024-05-12,110,Jackie2@hhu.de
1540,2024-05-12,189,Kendall3@hhu.de
1541,2024-05-12,61,Shea1@hhu.de
1542,2024-05-12,55,Elisha1@hhu.de
1543,2024-05-12,269,Jackie4@hhu.de
1544,2024-05-12,156,Michal2@hhu.de
1545,2024-05-12,50,Robbie1@hhu.de
1546,2024-05-12,255,Allyn3@hhu.de
1547,2024-05-12,277,Pat4@hhu.de
1548,2024-05-12,155,Britt2@hhu.de
1549,2024-05-12,87,Dominque1@hhu.de
1550,2024-05-12,308,Campbell4@hhu.de
1551,2024-05-12,190,Payton3@hhu.de
1552,2024-05-12,236,Ricki3@hhu.de
1553,2024-05-12,101,Maxie1@hhu.de
1554,2024-05-12,137,Devyn2@hhu.de
1555,2024-05-12,241,Sloan3@hhu.de
1556,2024-05-12,77,Campbell1@hhu.de
1557,2024-05-12,72,Lavern1@hhu.de
1558,2024-05-12,158,Rian2@hhu.de
1559,2024-05-12,272,Kerry4@hhu.de
1560,2024-05-12,252,Storm3@hhu.de
1561,2024-05-12,319,Remy4@hhu.de
1562,2024-05-12,295,Charley4@hhu.de
1563,2024-05-12,59,Rowan1@hhu.de
1564,2024-05-12,171,Lorenza2@hhu.de
1565,2024-05-12,42,Jody1@hhu.de
1566,2024-05-12,97,Azariah1@hhu.de
1567,2024-05-12,209,Phoenix3@hhu.de
1568,2024-05-12,41,Kerry1@hhu.de
1569,2024-05-12,215,Tory3@hhu.de
1570,2024-05-12,8,carina@hhu.de
1571,2024-05-12,214,Milan3@hhu.de
1572,2024-05-12,96,Jael1@hhu.de
1573,2024-05-12,276,Frankie4@hhu.de
1574,2024-05-12,113,Kerry2@hhu.de
1575,2024-05-12,175,Tai2@hhu.de
1576,2024-05-12,323,Carrol4@hhu.de
1577,2024-05-12,212,Ivory3@hhu.de
1578,2024-05-12,324,Landry4@hhu.de
1579,2024-05-12,304,Sky4@hhu.de
1580,2024-05-12,102,Torey1@hhu.de
1581,2024-05-12,203,Emery3@hhu.de
1582,2024-05-12,180,Merritt2@hhu.de
1583,2024-05-12,216,Shay3@hhu.de
1584,2024-05-12,165,Landry2@hhu.de
1585,2024-05-12,239,Landry3@hhu.de
1586,2024-05-12,186,Jaime3@hhu.de
1587,2024-05-12,57,Emery1@hhu.de
1588,2024-05-12,268,Jessie4@hhu.de
1589,2024-05-12,273,Jody4@hhu.de
1590,2024-05-12,292,Shea4@hhu.de
1591,2024-05-12,148,Arden2@hhu.de
1592,2024-05-12,76,Arden1@hhu.de
1593,2024-05-12,89,Jammie1@hhu.de
1594,2024-05-12,169,Azariah2@hhu.de
1595,2024-05-12,80,Alva1@hhu.de
1596,2024-05-12,138,Ivory2@hhu.de
1597,2024-05-12,177,Codie2@hhu.de
1598,2024-05-12,90,Ricki1@hhu.de
1599,2024-05-12,178,Storm2@hhu.de
1600,2024-05-13,283,Kris4@hhu.de
1601,2024-05-13,103,Tai1@hhu.de
1602,2024-05-13,103,Tai1@hhu.de
1603,2024-05-13,81,Clair1@hhu.de
1604,2024-05-13,68,Milan1@hhu.de
1605,2024-05-13,314,Britt4@hhu.de
1606,2024-05-13,291,Ollie4@hhu.de
1607,2024-05-13,60,Ollie1@hhu.de
1608,2024-05-13,242,Jael3@hhu.de
1609,2024-05-13,156,Michal2@hhu.de
1610,2024-05-13,85,Austyn1@hhu.de
1611,2024-05-13,174,Torey2@hhu.de
1612,2024-05-13,192,Pat3@hhu.de
1613,2024-05-13,292,Shea4@hhu.de
1614,2024-05-13,56,Sage1@hhu.de
1615,2024-05-13,204,Stevie3@hhu.de
1616,2024-05-13,80,Alva1@hhu.de
1617,2024-05-13,115,Kendall2@hhu.de
1618,2024-05-13,316,Austyn4@hhu.de
1619,2024-05-13,190,Payton3@hhu.de
1620,2024-05-13,295,Charley4@hhu.de
1621,2024-05-13,263,Dru3@hhu.de
1622,2024-05-13,43,Kendall1@hhu.de
1623,2024-05-13,49,Reese1@hhu.de
1624,2024-05-13,296,Devyn4@hhu.de
1625,2024-05-13,127,Elisha2@hhu.de
1626,2024-05-13,37,Jessie1@hhu.de
1627,2024-05-13,70,Shay1@hhu.de
1628,2024-05-13,211,Devyn3@hhu.de
1629,2024-05-13,185,Avery3@hhu.de
1630,2024-05-13,315,Michal4@hhu.de
1631,2024-05-13,35,Casey1@hhu.de
1632,2024-05-13,157,Austyn2@hhu.de
1633,2024-05-13,87,Dominque1@hhu.de
1634,2024-05-13,232,Rian3@hhu.de
1635,2024-05-13,256,Jourdan3@hhu.de
1636,2024-05-13,277,Pat4@hhu.de
1637,2024-05-13,155,Britt2@hhu.de
1638,2024-05-13,90,Ricki1@hhu.de
1639,2024-05-13,108,Riley2@hhu.de
1640,2024-05-13,172,Artie2@hhu.de
1641,2024-05-13,189,Kendall3@hhu.de
1642,2024-05-13,95,Sloan1@hhu.de
1643,2024-05-13,165,Landry2@hhu.de
1644,2024-05-13,238,Carrol3@hhu.de
1645,2024-05-13,159,Dominque2@hhu.de
1646,2024-05-13,53,Carey1@hhu.de
1647,2024-05-13,330,Lorenza4@hhu.de
1648,2024-05-13,208,Jaylin3@hhu.de
1649,2024-05-13,209,Phoenix3@hhu.de
1650,2024-05-13,67,Finley1@hhu.de
1651,2024-05-13,140,Milan2@hhu.de
1652,2024-05-13,93,Landry1@hhu.de
1653,2024-05-13,193,Quinn3@hhu.de
1654,2024-05-13,222,Arden3@hhu.de
1655,2024-05-13,128,Sage2@hhu.de
1656,2024-05-13,311,Alva4@hhu.de
1657,2024-05-13,119,Quinn2@hhu.de
1658,2024-05-13,111,Avery2@hhu.de
1659,2024-05-13,100,Artie1@hhu.de
1660,2024-05-13,121,Reese2@hhu.de
1661,2024-05-13,50,Robbie1@hhu.de
1662,2024-05-13,257,Ellery3@hhu.de
1663,2024-05-13,312,Clair4@hhu.de
1664,2024-05-13,229,Britt3@hhu.de
1665,2024-05-13,132,Ollie2@hhu.de
1666,2024-05-13,279,Harley4@hhu.de
1667,2024-05-13,180,Merritt2@hhu.de
1668,2024-05-13,167,Sloan2@hhu.de
1669,2024-05-13,89,Jammie1@hhu.de
1670,2024-05-13,269,Jackie4@hhu.de
1671,2024-05-13,262,Lennie3@hhu.de
1672,2024-05-13,282,Tommie4@hhu.de
1673,2024-05-13,297,Ivory4@hhu.de
1674,2024-05-13,280,Reese4@hhu.de
1675,2024-05-13,205,Rowan3@hhu.de
1676,2024-05-13,203,Emery3@hhu.de
1677,2024-05-13,113,Kerry2@hhu.de
1678,2024-05-13,288,Emery4@hhu.de
1679,2024-05-13,286,Elisha4@hhu.de
1680,2024-05-13,272,Kerry4@hhu.de
1681,2024-05-13,36,Riley1@hhu.de
1682,2024-05-13,120,Harley2@hhu.de
1683,2024-05-13,1,maike@hhu.de
1684,2024-05-13,114,Jody2@hhu.de
1685,2024-05-13,59,Rowan1@hhu.de
1686,2024-05-13,236,Ricki3@hhu.de
1687,2024-05-13,318,Dominque4@hhu.de
1688,2024-05-13,51,Tommie1@hhu.de
1689,2024-05-13,104,Kalani1@hhu.de
1690,2024-05-13,58,Stevie1@hhu.de
1691,2024-05-13,183,Jessie3@hhu.de
1692,2024-05-13,57,Emery1@hhu.de
1693,2024-05-13,54,Amari1@hhu.de
1694,2024-05-13,308,Campbell4@hhu.de
1695,2024-05-13,235,Jammie3@hhu.de
1696,2024-05-13,259,Arin3@hhu.de
1697,2024-05-13,73,Sky1@hhu.de
1698,2024-05-13,118,Pat2@hhu.de
1699,2024-05-13,319,Remy4@hhu.de
1700,2024-05-13,141,Tory2@hhu.de
1701,2024-05-13,216,Shay3@hhu.de
1702,2024-05-13,276,Frankie4@hhu.de
1703,2024-05-13,252,Storm3@hhu.de
1704,2024-05-13,171,Lorenza2@hhu.de
1705,2024-05-13,116,Payton2@hhu.de
1706,2024-05-13,44,Payton1@hhu.de
1707,2024-05-13,300,Tory4@hhu.de
1708,2024-05-13,304,Sky4@hhu.de
1709,2024-05-13,191,Frankie3@hhu.de
1710,2024-05-13,207,Shea3@hhu.de
1711,2024-05-13,158,Rian2@hhu.de
1712,2024-05-13,131,Rowan2@hhu.de
1713,2024-05-13,327,Jael4@hhu.de
1714,2024-05-13,212,Ivory3@hhu.de
1715,2024-05-13,137,Devyn2@hhu.de
1716,2024-05-13,323,Carrol4@hhu.de
1717,2024-05-13,99,Lorenza1@hhu.de
1718,2024-05-13,8,carina@hhu.de
1719,2024-05-13,124,Kris2@hhu.de
1720,2024-05-13,17,maikebil@hhu.de
1721,2024-05-13,82,Lavon1@hhu.de
1722,2024-05-13,255,Allyn3@hhu.de
1723,2024-05-13,298,Finley4@hhu.de
1724,2024-05-13,275,Payton4@hhu.de
1725,2024-05-13,163,Jordin2@hhu.de
1726,2024-05-13,98,Dakotah1@hhu.de
1727,2024-05-13,253,Jaedyn3@hhu.de
1728,2024-05-13,186,Jaime3@hhu.de
1729,2024-05-13,265,Tristyn3@hhu.de
1730,2024-05-13,61,Shea1@hhu.de
1731,2024-05-13,268,Jessie4@hhu.de
1732,2024-05-13,221,Leighton3@hhu.de
1733,2024-05-13,273,Jody4@hhu.de
1734,2024-05-13,86,Rian1@hhu.de
1735,2024-05-13,214,Milan3@hhu.de
1736,2024-05-13,71,Shiloh1@hhu.de
1737,2024-05-13,218,Lavern3@hhu.de
1738,2024-05-13,305,Reilly4@hhu.de
1739,2024-05-13,139,Finley2@hhu.de
1740,2024-05-13,160,Remy2@hhu.de
1741,2024-05-13,42,Jody1@hhu.de
1742,2024-05-13,138,Ivory2@hhu.de
1743,2024-05-13,96,Jael1@hhu.de
1744,2024-05-13,106,Storm1@hhu.de
1745,2024-05-13,329,Dakotah4@hhu.de
1746,2024-05-13,102,Torey1@hhu.de
1747,2024-05-13,69,Tory1@hhu.de
1748,2024-05-14,239,Landry3@hhu.de
1749,2024-05-14,177,Codie2@hhu.de
1750,2024-05-14,244,Dakotah3@hhu.de
1751,2024-05-14,314,Britt4@hhu.de
1752,2024-05-14,160,Remy2@hhu.de
1753,2024-05-14,192,Pat3@hhu.de
1754,2024-05-14,68,Milan1@hhu.de
1755,2024-05-14,70,Shay1@hhu.de
1756,2024-05-14,115,Kendall2@hhu.de
1757,2024-05-14,90,Ricki1@hhu.de
1758,2024-05-14,144,Lavern2@hhu.de
1759,2024-05-14,155,Britt2@hhu.de
1760,2024-05-14,156,Michal2@hhu.de
1761,2024-05-14,127,Elisha2@hhu.de
1762,2024-05-14,291,Ollie4@hhu.de
1763,2024-05-14,316,Austyn4@hhu.de
1764,2024-05-14,43,Kendall1@hhu.de
1765,2024-05-14,317,Rian4@hhu.de
1766,2024-05-14,17,maikebil@hhu.de
1767,2024-05-14,87,Dominque1@hhu.de
1768,2024-05-14,296,Devyn4@hhu.de
1769,2024-05-14,51,Tommie1@hhu.de
1770,2024-05-14,185,Avery3@hhu.de
1771,2024-05-14,49,Reese1@hhu.de
1772,2024-05-14,263,Dru3@hhu.de
1773,2024-05-14,297,Ivory4@hhu.de
1774,2024-05-14,303,Lavern4@hhu.de
1775,2024-05-14,277,Pat4@hhu.de
1776,2024-05-14,256,Jourdan3@hhu.de
1777,2024-05-14,232,Rian3@hhu.de
1778,2024-05-14,189,Kendall3@hhu.de
1779,2024-05-14,280,Reese4@hhu.de
1780,2024-05-14,311,Alva4@hhu.de
1781,2024-05-14,172,Artie2@hhu.de
1782,2024-05-14,286,Elisha4@hhu.de
1783,2024-05-14,157,Austyn2@hhu.de
1784,2024-05-14,128,Sage2@hhu.de
1785,2024-05-14,93,Landry1@hhu.de
1786,2024-05-14,279,Harley4@hhu.de
1787,2024-05-14,193,Quinn3@hhu.de
1788,2024-05-14,95,Sloan1@hhu.de
1789,2024-05-14,159,Dominque2@hhu.de
1790,2024-05-14,330,Lorenza4@hhu.de
1791,2024-05-14,100,Artie1@hhu.de
1792,2024-05-14,308,Campbell4@hhu.de
1793,2024-05-14,141,Tory2@hhu.de
1794,2024-05-14,212,Ivory3@hhu.de
1795,2024-05-14,222,Arden3@hhu.de
1796,2024-05-14,53,Carey1@hhu.de
1797,2024-05-14,104,Kalani1@hhu.de
1798,2024-05-14,211,Devyn3@hhu.de
1799,2024-05-14,257,Ellery3@hhu.de
1800,2024-05-14,236,Ricki3@hhu.de
1801,2024-05-14,180,Merritt2@hhu.de
1802,2024-05-14,204,Stevie3@hhu.de
1803,2024-05-14,119,Quinn2@hhu.de
1804,2024-05-14,315,Michal4@hhu.de
1805,2024-05-14,302,Shiloh4@hhu.de
1806,2024-05-14,165,Landry2@hhu.de
1807,2024-05-14,226,Alva3@hhu.de
1808,2024-05-14,167,Sloan2@hhu.de
1809,2024-05-14,54,Amari1@hhu.de
1810,2024-05-14,323,Carrol4@hhu.de
1811,2024-05-14,225,Kamari3@hhu.de
1812,2024-05-14,55,Elisha1@hhu.de
1813,2024-05-14,208,Jaylin3@hhu.de
1814,2024-05-14,140,Milan2@hhu.de
1815,2024-05-14,108,Riley2@hhu.de
1816,2024-05-14,113,Kerry2@hhu.de
1817,2024-05-14,183,Jessie3@hhu.de
1818,2024-05-14,292,Shea4@hhu.de
1819,2024-05-14,112,Jaime2@hhu.de
1820,2024-05-14,272,Kerry4@hhu.de
1821,2024-05-14,321,Ricki4@hhu.de
1822,2024-05-14,304,Sky4@hhu.de
1823,2024-05-14,120,Harley2@hhu.de
1824,2024-05-14,42,Jody1@hhu.de
1825,2024-05-14,234,Remy3@hhu.de
1826,2024-05-14,223,Campbell3@hhu.de
1827,2024-05-14,50,Robbie1@hhu.de
1828,2024-05-14,319,Remy4@hhu.de
1829,2024-05-14,111,Avery2@hhu.de
1830,2024-05-14,253,Jaedyn3@hhu.de
1831,2024-05-14,56,Sage1@hhu.de
1832,2024-05-14,59,Rowan1@hhu.de
1833,2024-05-14,216,Shay3@hhu.de
1834,2024-05-14,40,Jaime1@hhu.de
1835,2024-05-14,262,Lennie3@hhu.de
1836,2024-05-14,209,Phoenix3@hhu.de
1837,2024-05-14,268,Jessie4@hhu.de
1838,2024-05-14,158,Rian2@hhu.de
1839,2024-05-14,276,Frankie4@hhu.de
1840,2024-05-14,235,Jammie3@hhu.de
1841,2024-05-14,288,Emery4@hhu.de
1842,2024-05-14,282,Tommie4@hhu.de
1843,2024-05-14,60,Ollie1@hhu.de
1844,2024-05-14,229,Britt3@hhu.de
1845,2024-05-14,114,Jody2@hhu.de
1846,2024-05-14,73,Sky1@hhu.de
1847,2024-05-14,278,Quinn4@hhu.de
1848,2024-05-14,103,Tai1@hhu.de
1849,2024-05-14,271,Jaime4@hhu.de
1850,2024-05-14,181,Casey3@hhu.de
1851,2024-05-14,301,Shay4@hhu.de
1852,2024-05-14,72,Lavern1@hhu.de
1853,2024-05-14,203,Emery3@hhu.de
1854,2024-05-14,171,Lorenza2@hhu.de
1855,2024-05-14,174,Torey2@hhu.de
1856,2024-05-14,96,Jael1@hhu.de
1857,2024-05-14,57,Emery1@hhu.de
1858,2024-05-14,255,Allyn3@hhu.de
1859,2024-05-14,242,Jael3@hhu.de
1860,2024-05-14,273,Jody4@hhu.de
1861,2024-05-14,124,Kris2@hhu.de
1862,2024-05-14,238,Carrol3@hhu.de
1863,2024-05-14,86,Rian1@hhu.de
1864,2024-05-14,102,Torey1@hhu.de
1865,2024-05-14,136,Charley2@hhu.de
1866,2024-05-14,207,Shea3@hhu.de
1867,2024-05-14,201,Elisha3@hhu.de
1868,2024-05-14,275,Payton4@hhu.de
1869,2024-05-14,312,Clair4@hhu.de
1870,2024-05-14,82,Lavon1@hhu.de
1871,2024-05-14,76,Arden1@hhu.de
1872,2024-05-14,122,Robbie2@hhu.de
1873,2024-05-14,58,Stevie1@hhu.de
1874,2024-05-14,295,Charley4@hhu.de
1875,2024-05-14,186,Jaime3@hhu.de
1876,2024-05-14,61,Shea1@hhu.de
1877,2024-05-14,79,Kamari1@hhu.de
1878,2024-05-14,137,Devyn2@hhu.de
1879,2024-05-14,41,Kerry1@hhu.de
1880,2024-05-14,190,Payton3@hhu.de
1881,2024-05-14,106,Storm1@hhu.de
1882,2024-05-14,219,Sky3@hhu.de
1883,2024-05-14,281,Robbie4@hhu.de
1884,2024-05-14,214,Milan3@hhu.de
1885,2024-05-14,252,Storm3@hhu.de
1886,2024-05-14,163,Jordin2@hhu.de
1887,2024-05-14,99,Lorenza1@hhu.de
1888,2024-05-14,89,Jammie1@hhu.de
1889,2024-05-14,328,Azariah4@hhu.de
1890,2024-05-14,298,Finley4@hhu.de
1891,2024-05-14,138,Ivory2@hhu.de
1892,2024-05-14,8,carina@hhu.de
1893,2024-05-14,66,Ivory1@hhu.de
1894,2024-05-14,294,Phoenix4@hhu.de
1895,2024-05-14,131,Rowan2@hhu.de
1896,2024-05-15,221,Leighton3@hhu.de
1897,2024-05-15,192,Pat3@hhu.de
1898,2024-05-15,144,Lavern2@hhu.de
1899,2024-05-15,165,Landry2@hhu.de
1900,2024-05-15,174,Torey2@hhu.de
1901,2024-05-15,80,Alva1@hhu.de
1902,2024-05-15,314,Britt4@hhu.de
1903,2024-05-15,60,Ollie1@hhu.de
1904,2024-05-15,238,Carrol3@hhu.de
1905,2024-05-15,226,Alva3@hhu.de
1906,2024-05-15,124,Kris2@hhu.de
1907,2024-05-15,292,Shea4@hhu.de
1908,2024-05-15,81,Clair1@hhu.de
1909,2024-05-15,190,Payton3@hhu.de
1910,2024-05-15,68,Milan1@hhu.de
1911,2024-05-15,127,Elisha2@hhu.de
1912,2024-05-15,242,Jael3@hhu.de
1913,2024-05-15,291,Ollie4@hhu.de
1914,2024-05-15,98,Dakotah1@hhu.de
1915,2024-05-15,316,Austyn4@hhu.de
1916,2024-05-15,280,Reese4@hhu.de
1917,2024-05-15,43,Kendall1@hhu.de
1918,2024-05-15,329,Dakotah4@hhu.de
1919,2024-05-15,70,Shay1@hhu.de
1920,2024-05-15,180,Merritt2@hhu.de
1921,2024-05-15,212,Ivory3@hhu.de
1922,2024-05-15,128,Sage2@hhu.de
1923,2024-05-15,56,Sage1@hhu.de
1924,2024-05-15,315,Michal4@hhu.de
1925,2024-05-15,115,Kendall2@hhu.de
1926,2024-05-15,101,Maxie1@hhu.de
1927,2024-05-15,116,Payton2@hhu.de
1928,2024-05-15,140,Milan2@hhu.de
1929,2024-05-15,185,Avery3@hhu.de
1930,2024-05-15,35,Casey1@hhu.de
1931,2024-05-15,232,Rian3@hhu.de
1932,2024-05-15,17,maikebil@hhu.de
1933,2024-05-15,282,Tommie4@hhu.de
1934,2024-05-15,69,Tory1@hhu.de
1935,2024-05-15,211,Devyn3@hhu.de
1936,2024-05-15,209,Phoenix3@hhu.de
1937,2024-05-15,103,Tai1@hhu.de
1938,2024-05-15,104,Kalani1@hhu.de
1939,2024-05-15,45,Frankie1@hhu.de
1940,2024-05-15,93,Landry1@hhu.de
1941,2024-05-15,308,Campbell4@hhu.de
1942,2024-05-15,296,Devyn4@hhu.de
1943,2024-05-15,51,Tommie1@hhu.de
1944,2024-05-15,189,Kendall3@hhu.de
1945,2024-05-15,1,maike@hhu.de
1946,2024-05-15,321,Ricki4@hhu.de
1947,2024-05-15,13,test1@hhu.de
1948,2024-05-15,119,Quinn2@hhu.de
1949,2024-05-15,307,Arden4@hhu.de
1950,2024-05-15,157,Austyn2@hhu.de
1951,2024-05-15,145,Sky2@hhu.de
1952,2024-05-15,95,Sloan1@hhu.de
1953,2024-05-15,160,Remy2@hhu.de
1954,2024-05-15,279,Harley4@hhu.de
1955,2024-05-15,14,test2@hhu.de
1956,2024-05-15,136,Charley2@hhu.de
1957,2024-05-15,256,Jourdan3@hhu.de
1958,2024-05-15,312,Clair4@hhu.de
1959,2024-05-15,214,Milan3@hhu.de
1960,2024-05-15,67,Finley1@hhu.de
1961,2024-05-15,193,Quinn3@hhu.de
1962,2024-05-15,203,Emery3@hhu.de
1963,2024-05-15,108,Riley2@hhu.de
1964,2024-05-15,222,Arden3@hhu.de
1965,2024-05-15,252,Storm3@hhu.de
1966,2024-05-15,330,Lorenza4@hhu.de
1967,2024-05-15,155,Britt2@hhu.de
1968,2024-05-15,236,Ricki3@hhu.de
1969,2024-05-15,229,Britt3@hhu.de
1970,2024-05-15,323,Carrol4@hhu.de
1971,2024-05-15,54,Amari1@hhu.de
1972,2024-05-15,137,Devyn2@hhu.de
1973,2024-05-15,262,Lennie3@hhu.de
1974,2024-05-15,257,Ellery3@hhu.de
1975,2024-05-15,204,Stevie3@hhu.de
1976,2024-05-15,311,Alva4@hhu.de
1977,2024-05-15,159,Dominque2@hhu.de
1978,2024-05-15,223,Campbell3@hhu.de
1979,2024-05-15,167,Sloan2@hhu.de
1980,2024-05-15,277,Pat4@hhu.de
1981,2024-05-15,293,Jaylin4@hhu.de
1982,2024-05-15,255,Allyn3@hhu.de
1983,2024-05-15,156,Michal2@hhu.de
1984,2024-05-15,100,Artie1@hhu.de
1985,2024-05-15,172,Artie2@hhu.de
1986,2024-05-15,121,Reese2@hhu.de
1987,2024-05-15,53,Carey1@hhu.de
1988,2024-05-15,303,Lavern4@hhu.de
1989,2024-05-15,266,Casey4@hhu.de
1990,2024-05-15,194,Harley3@hhu.de
1991,2024-05-15,269,Jackie4@hhu.de
1992,2024-05-15,286,Elisha4@hhu.de
1993,2024-05-15,90,Ricki1@hhu.de
1994,2024-05-15,319,Remy4@hhu.de
1995,2024-05-15,76,Arden1@hhu.de
1996,2024-05-15,120,Harley2@hhu.de
1997,2024-05-15,113,Kerry2@hhu.de
1998,2024-05-15,72,Lavern1@hhu.de
1999,2024-05-15,235,Jammie3@hhu.de
2000,2024-05-15,301,Shay4@hhu.de
2001,2024-05-15,87,Dominque1@hhu.de
2002,2024-05-15,297,Ivory4@hhu.de
2003,2024-05-15,50,Robbie1@hhu.de
2004,2024-05-15,89,Jammie1@hhu.de
2005,2024-05-15,208,Jaylin3@hhu.de
2006,2024-05-15,42,Jody1@hhu.de
2007,2024-05-15,36,Riley1@hhu.de
2008,2024-05-15,177,Codie2@hhu.de
2009,2024-05-15,49,Reese1@hhu.de
2010,2024-05-15,96,Jael1@hhu.de
2011,2024-05-15,295,Charley4@hhu.de
2012,2024-05-15,272,Kerry4@hhu.de
2013,2024-05-15,97,Azariah1@hhu.de
2014,2024-05-15,111,Avery2@hhu.de
2015,2024-05-15,59,Rowan1@hhu.de
2016,2024-05-15,57,Emery1@hhu.de
2017,2024-05-15,73,Sky1@hhu.de
2018,2024-05-15,305,Reilly4@hhu.de
2019,2024-05-15,102,Torey1@hhu.de
2020,2024-05-15,171,Lorenza2@hhu.de
2021,2024-05-15,175,Tai2@hhu.de
2022,2024-05-15,276,Frankie4@hhu.de
2023,2024-05-15,218,Lavern3@hhu.de
2024,2024-05-15,47,Quinn1@hhu.de
2025,2024-05-15,200,Amari3@hhu.de
2026,2024-05-15,114,Jody2@hhu.de
2027,2024-05-15,158,Rian2@hhu.de
2028,2024-05-15,141,Tory2@hhu.de
2029,2024-05-15,163,Jordin2@hhu.de
2030,2024-05-15,216,Shay3@hhu.de
2031,2024-05-15,188,Jody3@hhu.de
2032,2024-05-15,129,Emery2@hhu.de
2033,2024-05-15,283,Kris4@hhu.de
2034,2024-05-15,300,Tory4@hhu.de
2035,2024-05-15,275,Payton4@hhu.de
2036,2024-05-15,106,Storm1@hhu.de
2037,2024-05-15,61,Shea1@hhu.de
2038,2024-05-15,268,Jessie4@hhu.de
2039,2024-05-15,278,Quinn4@hhu.de
2040,2024-05-15,207,Shea3@hhu.de
2041,2024-05-15,273,Jody4@hhu.de
2042,2024-05-15,289,Stevie4@hhu.de
2043,2024-05-15,186,Jaime3@hhu.de
2044,2024-05-15,58,Stevie1@hhu.de
2045,2024-05-15,86,Rian1@hhu.de
2046,2024-05-15,44,Payton1@hhu.de
2047,2024-05-15,205,Rowan3@hhu.de
2048,2024-05-15,138,Ivory2@hhu.de
2049,2024-05-15,328,Azariah4@hhu.de
2050,2024-05-15,55,Elisha1@hhu.de
2051,2024-05-15,170,Dakotah2@hhu.de
2052,2024-05-15,112,Jaime2@hhu.de
2053,2024-05-15,231,Austyn3@hhu.de
2054,2024-05-15,79,Kamari1@hhu.de
2055,2024-05-15,304,Sky4@hhu.de
2056,2024-05-15,99,Lorenza1@hhu.de
2057,2024-05-15,239,Landry3@hhu.de
2058,2024-05-15,294,Phoenix4@hhu.de
2059,2024-05-16,103,Tai1@hhu.de
2060,2024-05-16,42,Jody1@hhu.de
2061,2024-05-16,80,Alva1@hhu.de
2062,2024-05-16,192,Pat3@hhu.de
2063,2024-05-16,61,Shea1@hhu.de
2064,2024-05-16,81,Clair1@hhu.de
2065,2024-05-16,86,Rian1@hhu.de
2066,2024-05-16,117,Frankie2@hhu.de
2067,2024-05-16,55,Elisha1@hhu.de
2068,2024-05-16,144,Lavern2@hhu.de
2069,2024-05-16,60,Ollie1@hhu.de
2070,2024-05-16,85,Austyn1@hhu.de
2071,2024-05-16,242,Jael3@hhu.de
2072,2024-05-16,226,Alva3@hhu.de
2073,2024-05-16,70,Shay1@hhu.de
2074,2024-05-16,174,Torey2@hhu.de
2075,2024-05-16,68,Milan1@hhu.de
2076,2024-05-16,316,Austyn4@hhu.de
2077,2024-05-16,127,Elisha2@hhu.de
2078,2024-05-16,204,Stevie3@hhu.de
2079,2024-05-16,156,Michal2@hhu.de
2080,2024-05-16,291,Ollie4@hhu.de
2081,2024-05-16,155,Britt2@hhu.de
2082,2024-05-16,140,Milan2@hhu.de
2083,2024-05-16,90,Ricki1@hhu.de
2084,2024-05-16,82,Lavon1@hhu.de
2085,2024-05-16,165,Landry2@hhu.de
2086,2024-05-16,209,Phoenix3@hhu.de
2087,2024-05-16,232,Rian3@hhu.de
2088,2024-05-16,141,Tory2@hhu.de
2089,2024-05-16,238,Carrol3@hhu.de
2090,2024-05-16,49,Reese1@hhu.de
2091,2024-05-16,97,Azariah1@hhu.de
2092,2024-05-16,115,Kendall2@hhu.de
2093,2024-05-16,280,Reese4@hhu.de
2094,2024-05-16,252,Storm3@hhu.de
2095,2024-05-16,289,Stevie4@hhu.de
2096,2024-05-16,167,Sloan2@hhu.de
2097,2024-05-16,84,Michal1@hhu.de
2098,2024-05-16,56,Sage1@hhu.de
2099,2024-05-16,17,maikebil@hhu.de
2100,2024-05-16,296,Devyn4@hhu.de
2101,2024-05-16,304,Sky4@hhu.de
2102,2024-05-16,314,Britt4@hhu.de
2103,2024-05-16,323,Carrol4@hhu.de
2104,2024-05-16,89,Jammie1@hhu.de
2105,2024-05-16,211,Devyn3@hhu.de
2106,2024-05-16,303,Lavern4@hhu.de
2107,2024-05-16,193,Quinn3@hhu.de
2108,2024-05-16,301,Shay4@hhu.de
2109,2024-05-16,98,Dakotah1@hhu.de
2110,2024-05-16,122,Robbie2@hhu.de
2111,2024-05-16,277,Pat4@hhu.de
2112,2024-05-16,108,Riley2@hhu.de
2113,2024-05-16,128,Sage2@hhu.de
2114,2024-05-16,189,Kendall3@hhu.de
2115,2024-05-16,93,Landry1@hhu.de
2116,2024-05-16,279,Harley4@hhu.de
2117,2024-05-16,41,Kerry1@hhu.de
2118,2024-05-16,95,Sloan1@hhu.de
2119,2024-05-16,87,Dominque1@hhu.de
2120,2024-05-16,169,Azariah2@hhu.de
2121,2024-05-16,110,Jackie2@hhu.de
2122,2024-05-16,236,Ricki3@hhu.de
2123,2024-05-16,111,Avery2@hhu.de
2124,2024-05-16,35,Casey1@hhu.de
2125,2024-05-16,116,Payton2@hhu.de
2126,2024-05-16,157,Austyn2@hhu.de
2127,2024-05-16,159,Dominque2@hhu.de
2128,2024-05-16,51,Tommie1@hhu.de
2129,2024-05-16,53,Carey1@hhu.de
2130,2024-05-16,216,Shay3@hhu.de
2131,2024-05-16,185,Avery3@hhu.de
2132,2024-05-16,104,Kalani1@hhu.de
2133,2024-05-16,255,Allyn3@hhu.de
2134,2024-05-16,160,Remy2@hhu.de
2135,2024-05-16,263,Dru3@hhu.de
2136,2024-05-16,38,Jackie1@hhu.de
2137,2024-05-16,203,Emery3@hhu.de
2138,2024-05-16,74,Reilly1@hhu.de
2139,2024-05-16,325,Yael4@hhu.de
2140,2024-05-16,222,Arden3@hhu.de
2141,2024-05-16,180,Merritt2@hhu.de
2142,2024-05-16,321,Ricki4@hhu.de
2143,2024-05-16,67,Finley1@hhu.de
2144,2024-05-16,312,Clair4@hhu.de
2145,2024-05-16,229,Britt3@hhu.de
2146,2024-05-16,308,Campbell4@hhu.de
2147,2024-05-16,201,Elisha3@hhu.de
2148,2024-05-16,239,Landry3@hhu.de
2149,2024-05-16,106,Storm1@hhu.de
2150,2024-05-16,257,Ellery3@hhu.de
2151,2024-05-16,297,Ivory4@hhu.de
2152,2024-05-16,119,Quinn2@hhu.de
2153,2024-05-16,100,Artie1@hhu.de
2154,2024-05-16,262,Lennie3@hhu.de
2155,2024-05-16,273,Jody4@hhu.de
2156,2024-05-16,268,Jessie4@hhu.de
2157,2024-05-16,113,Kerry2@hhu.de
2158,2024-05-16,256,Jourdan3@hhu.de
2159,2024-05-16,121,Reese2@hhu.de
2160,2024-05-16,330,Lorenza4@hhu.de
2161,2024-05-16,112,Jaime2@hhu.de
2162,2024-05-16,315,Michal4@hhu.de
2163,2024-05-16,220,Reilly3@hhu.de
2164,2024-05-16,212,Ivory3@hhu.de
2165,2024-05-16,283,Kris4@hhu.de
2166,2024-05-16,120,Harley2@hhu.de
2167,2024-05-16,288,Emery4@hhu.de
2168,2024-05-16,311,Alva4@hhu.de
2169,2024-05-16,293,Jaylin4@hhu.de
2170,2024-05-16,276,Frankie4@hhu.de
2171,2024-05-16,319,Remy4@hhu.de
2172,2024-05-16,295,Charley4@hhu.de
2173,2024-05-16,59,Rowan1@hhu.de
2174,2024-05-16,91,Jordin1@hhu.de
2175,2024-05-16,177,Codie2@hhu.de
2176,2024-05-16,8,carina@hhu.de
2177,2024-05-16,96,Jael1@hhu.de
2178,2024-05-16,50,Robbie1@hhu.de
2179,2024-05-16,305,Reilly4@hhu.de
2180,2024-05-16,266,Casey4@hhu.de
2181,2024-05-16,271,Jaime4@hhu.de
2182,2024-05-16,272,Kerry4@hhu.de
2183,2024-05-16,57,Emery1@hhu.de
2184,2024-05-16,245,Lorenza3@hhu.de
2185,2024-05-16,101,Maxie1@hhu.de
2186,2024-05-16,36,Riley1@hhu.de
2187,2024-05-16,114,Jody2@hhu.de
2188,2024-05-16,73,Sky1@hhu.de
2189,2024-05-16,253,Jaedyn3@hhu.de
2190,2024-05-16,40,Jaime1@hhu.de
2191,2024-05-16,76,Arden1@hhu.de
2192,2024-05-16,136,Charley2@hhu.de
2193,2024-05-16,181,Casey3@hhu.de
2194,2024-05-16,196,Robbie3@hhu.de
2195,2024-05-16,331,Artie4@hhu.de
2196,2024-05-16,171,Lorenza2@hhu.de
2197,2024-05-16,158,Rian2@hhu.de
2198,2024-05-16,190,Payton3@hhu.de
2199,2024-05-16,58,Stevie1@hhu.de
2200,2024-05-16,327,Jael4@hhu.de
2201,2024-05-16,298,Finley4@hhu.de
2202,2024-05-16,292,Shea4@hhu.de
2203,2024-05-16,318,Dominque4@hhu.de
2204,2024-05-16,329,Dakotah4@hhu.de
2205,2024-05-16,137,Devyn2@hhu.de
2206,2024-05-16,99,Lorenza1@hhu.de
2207,2024-05-16,102,Torey1@hhu.de
2208,2024-05-16,235,Jammie3@hhu.de
2209,2024-05-16,282,Tommie4@hhu.de
2210,2024-05-16,207,Shea3@hhu.de
2211,2024-05-16,129,Emery2@hhu.de
2212,2024-05-16,186,Jaime3@hhu.de
2213,2024-05-16,213,Finley3@hhu.de
2214,2024-05-16,168,Jael2@hhu.de
2215,2024-05-16,72,Lavern1@hhu.de
2216,2024-05-16,183,Jessie3@hhu.de
2217,2024-05-16,286,Elisha4@hhu.de
2218,2024-05-16,138,Ivory2@hhu.de
2219,2024-05-16,79,Kamari1@hhu.de
2220,2024-05-16,199,Carey3@hhu.de
2221,2024-05-16,139,Finley2@hhu.de
2222,2024-05-16,163,Jordin2@hhu.de
2223,2024-05-16,206,Ollie3@hhu.de
2224,2024-05-16,54,Amari1@hhu.de
2225,2024-05-17,47,Quinn1@hhu.de
2226,2024-05-17,70,Shay1@hhu.de
2227,2024-05-17,317,Rian4@hhu.de
2228,2024-05-17,187,Kerry3@hhu.de
2229,2024-05-17,296,Devyn4@hhu.de
2230,2024-05-17,223,Campbell3@hhu.de
2231,2024-05-17,89,Jammie1@hhu.de
2232,2024-05-17,58,Stevie1@hhu.de
2233,2024-05-17,222,Arden3@hhu.de
2234,2024-05-17,256,Jourdan3@hhu.de
2235,2024-05-17,182,Riley3@hhu.de
2236,2024-05-17,181,Casey3@hhu.de
2237,2024-05-17,315,Michal4@hhu.de
2238,2024-05-17,95,Sloan1@hhu.de
2239,2024-05-17,269,Jackie4@hhu.de
2240,2024-05-17,216,Shay3@hhu.de
2241,2024-05-17,156,Michal2@hhu.de
2242,2024-05-17,207,Shea3@hhu.de
2243,2024-05-17,51,Tommie1@hhu.de
2244,2024-05-17,140,Milan2@hhu.de
2245,2024-05-17,263,Dru3@hhu.de
2246,2024-05-17,50,Robbie1@hhu.de
2247,2024-05-17,104,Kalani1@hhu.de
2248,2024-05-17,120,Harley2@hhu.de
2249,2024-05-17,275,Payton4@hhu.de
2250,2024-05-17,272,Kerry4@hhu.de
2251,2024-05-17,141,Tory2@hhu.de
2252,2024-05-17,60,Ollie1@hhu.de
2253,2024-05-17,298,Finley4@hhu.de
2254,2024-05-17,251,Codie3@hhu.de
2255,2024-05-17,234,Remy3@hhu.de
2256,2024-05-17,175,Tai2@hhu.de
2257,2024-05-17,133,Shea2@hhu.de
2258,2024-05-17,318,Dominque4@hhu.de
2259,2024-05-17,136,Charley2@hhu.de
2260,2024-05-17,96,Jael1@hhu.de
2261,2024-05-17,57,Emery1@hhu.de
2262,2024-05-17,102,Torey1@hhu.de
2263,2024-05-17,27,Robin@hhu.de
2264,2024-05-17,258,Ellison3@hhu.de
2265,2024-05-17,291,Ollie4@hhu.de
2266,2024-05-17,273,Jody4@hhu.de
2267,2024-05-17,131,Rowan2@hhu.de
2268,2024-05-17,186,Jaime3@hhu.de
2269,2024-05-17,87,Dominque1@hhu.de
2270,2024-05-17,214,Milan3@hhu.de
2271,2024-05-17,235,Jammie3@hhu.de
2272,2024-05-17,127,Elisha2@hhu.de
2273,2024-05-17,90,Ricki1@hhu.de
2274,2024-05-17,158,Rian2@hhu.de
2275,2024-05-17,241,Sloan3@hhu.de
2276,2024-05-17,171,Lorenza2@hhu.de
2277,2024-05-17,218,Lavern3@hhu.de
2278,2024-05-17,281,Robbie4@hhu.de
2279,2024-05-17,137,Devyn2@hhu.de
2280,2024-05-17,224,Channing3@hhu.de
2281,2024-05-17,80,Alva1@hhu.de
2282,2024-05-17,232,Rian3@hhu.de
2283,2024-05-17,212,Ivory3@hhu.de
2284,2024-05-17,163,Jordin2@hhu.de
2285,2024-05-17,206,Ollie3@hhu.de
2286,2024-05-17,321,Ricki4@hhu.de
2287,2024-05-17,319,Remy4@hhu.de
2288,2024-05-18,124,Kris2@hhu.de
2289,2024-05-18,70,Shay1@hhu.de
2290,2024-05-18,296,Devyn4@hhu.de
2291,2024-05-18,89,Jammie1@hhu.de
2292,2024-05-18,268,Jessie4@hhu.de
2293,2024-05-18,280,Reese4@hhu.de
2294,2024-05-18,85,Austyn1@hhu.de
2295,2024-05-18,241,Sloan3@hhu.de
2296,2024-05-18,164,Carrol2@hhu.de
2297,2024-05-18,190,Payton3@hhu.de
2298,2024-05-18,112,Jaime2@hhu.de
2299,2024-05-18,215,Tory3@hhu.de
2300,2024-05-18,136,Charley2@hhu.de
2301,2024-05-18,144,Lavern2@hhu.de
2302,2024-05-18,178,Storm2@hhu.de
2303,2024-05-18,207,Shea3@hhu.de
2304,2024-05-18,95,Sloan1@hhu.de
2305,2024-05-18,191,Frankie3@hhu.de
2306,2024-05-18,200,Amari3@hhu.de
2307,2024-05-18,72,Lavern1@hhu.de
2308,2024-05-18,292,Shea4@hhu.de
2309,2024-05-18,50,Robbie1@hhu.de
2310,2024-05-18,218,Lavern3@hhu.de
2311,2024-05-18,84,Michal1@hhu.de
2312,2024-05-18,219,Sky3@hhu.de
2313,2024-05-18,57,Emery1@hhu.de
2314,2024-05-18,104,Kalani1@hhu.de
2315,2024-05-18,324,Landry4@hhu.de
2316,2024-05-18,58,Stevie1@hhu.de
2317,2024-05-18,158,Rian2@hhu.de
2318,2024-05-18,281,Robbie4@hhu.de
2319,2024-05-18,115,Kendall2@hhu.de
2320,2024-05-18,212,Ivory3@hhu.de
2321,2024-05-19,174,Torey2@hhu.de
2322,2024-05-19,296,Devyn4@hhu.de
2323,2024-05-19,159,Dominque2@hhu.de
2324,2024-05-19,76,Arden1@hhu.de
2325,2024-05-19,1,maike@hhu.de
2326,2024-05-19,86,Rian1@hhu.de
2327,2024-05-19,238,Carrol3@hhu.de
2328,2024-05-19,199,Carey3@hhu.de
2329,2024-05-19,323,Carrol4@hhu.de
2330,2024-05-19,187,Kerry3@hhu.de
2331,2024-05-19,190,Payton3@hhu.de
2332,2024-05-19,81,Clair1@hhu.de
2333,2024-05-19,116,Payton2@hhu.de
2334,2024-05-19,120,Harley2@hhu.de
2335,2024-05-19,133,Shea2@hhu.de
2336,2024-05-19,49,Reese1@hhu.de
2337,2024-05-20,171,Lorenza2@hhu.de
2338,2024-05-20,76,Arden1@hhu.de
2339,2024-05-20,85,Austyn1@hhu.de
2340,2024-05-20,254,Merritt3@hhu.de
2341,2024-05-20,60,Ollie1@hhu.de
2342,2024-05-20,167,Sloan2@hhu.de
2343,2024-05-20,47,Quinn1@hhu.de
2344,2024-05-20,50,Robbie1@hhu.de
2345,2024-05-20,1,maike@hhu.de
2346,2024-05-20,99,Lorenza1@hhu.de
2347,2024-05-20,146,Reilly2@hhu.de
2348,2024-05-20,112,Jaime2@hhu.de
2349,2024-05-20,93,Landry1@hhu.de
2350,2024-05-20,124,Kris2@hhu.de
2351,2024-05-20,103,Tai1@hhu.de
2352,2024-05-20,77,Campbell1@hhu.de
2353,2024-05-20,318,Dominque4@hhu.de
2354,2024-05-20,186,Jaime3@hhu.de
2355,2024-05-20,51,Tommie1@hhu.de
2356,2024-05-20,144,Lavern2@hhu.de
2357,2024-05-20,229,Britt3@hhu.de
2358,2024-05-20,206,Ollie3@hhu.de
2359,2024-05-20,203,Emery3@hhu.de
2360,2024-05-21,317,Rian4@hhu.de
2361,2024-05-21,70,Shay1@hhu.de
2362,2024-05-21,128,Sage2@hhu.de
2363,2024-05-21,187,Kerry3@hhu.de
2364,2024-05-21,159,Dominque2@hhu.de
2365,2024-05-21,296,Devyn4@hhu.de
2366,2024-05-21,51,Tommie1@hhu.de
2367,2024-05-21,323,Carrol4@hhu.de
2368,2024-05-21,254,Merritt3@hhu.de
2369,2024-05-21,140,Milan2@hhu.de
2370,2024-05-21,121,Reese2@hhu.de
2371,2024-05-21,41,Kerry1@hhu.de
2372,2024-05-21,36,Riley1@hhu.de
2373,2024-05-21,17,maikebil@hhu.de
2374,2024-05-21,131,Rowan2@hhu.de
2375,2024-05-21,275,Payton4@hhu.de
2376,2024-05-21,256,Jourdan3@hhu.de
2377,2024-05-21,234,Remy3@hhu.de
2378,2024-05-21,112,Jaime2@hhu.de
2379,2024-05-21,111,Avery2@hhu.de
2380,2024-05-21,272,Kerry4@hhu.de
2381,2024-05-21,40,Jaime1@hhu.de
2382,2024-05-21,120,Harley2@hhu.de
2383,2024-05-21,235,Jammie3@hhu.de
2384,2024-05-21,167,Sloan2@hhu.de
2385,2024-05-21,253,Jaedyn3@hhu.de
2386,2024-05-21,318,Dominque4@hhu.de
2387,2024-05-21,94,Yael1@hhu.de
2388,2024-05-21,189,Kendall3@hhu.de
2389,2024-05-21,95,Sloan1@hhu.de
2390,2024-05-21,104,Kalani1@hhu.de
2391,2024-05-21,181,Casey3@hhu.de
2392,2024-05-21,115,Kendall2@hhu.de
2393,2024-05-21,195,Reese3@hhu.de
2394,2024-05-21,59,Rowan1@hhu.de
2395,2024-05-21,268,Jessie4@hhu.de
2396,2024-05-21,292,Shea4@hhu.de
2397,2024-05-21,241,Sloan3@hhu.de
2398,2024-05-21,93,Landry1@hhu.de
2399,2024-05-21,183,Jessie3@hhu.de
2400,2024-05-21,218,Lavern3@hhu.de
2401,2024-05-21,57,Emery1@hhu.de
2402,2024-05-21,205,Rowan3@hhu.de
2403,2024-05-21,47,Quinn1@hhu.de
2404,2024-05-21,158,Rian2@hhu.de
2405,2024-05-21,49,Reese1@hhu.de
2406,2024-05-21,315,Michal4@hhu.de
2407,2024-05-21,271,Jaime4@hhu.de
2408,2024-05-21,207,Shea3@hhu.de
2409,2024-05-21,58,Stevie1@hhu.de
2410,2024-05-21,87,Dominque1@hhu.de
2411,2024-05-21,96,Jael1@hhu.de
2412,2024-05-21,138,Ivory2@hhu.de
2413,2024-05-21,42,Jody1@hhu.de
2414,2024-05-21,118,Pat2@hhu.de
2415,2024-05-21,276,Frankie4@hhu.de
2416,2024-05-22,70,Shay1@hhu.de
2417,2024-05-22,263,Dru3@hhu.de
2418,2024-05-22,251,Codie3@hhu.de
2419,2024-05-22,116,Payton2@hhu.de
2420,2024-05-22,180,Merritt2@hhu.de
2421,2024-05-22,323,Carrol4@hhu.de
2422,2024-05-22,269,Jackie4@hhu.de
2423,2024-05-22,51,Tommie1@hhu.de
2424,2024-05-22,272,Kerry4@hhu.de
2425,2024-05-22,40,Jaime1@hhu.de
2426,2024-05-22,253,Jaedyn3@hhu.de
2427,2024-05-22,318,Dominque4@hhu.de
2428,2024-05-22,36,Riley1@hhu.de
2429,2024-05-22,235,Jammie3@hhu.de
2430,2024-05-22,181,Casey3@hhu.de
2431,2024-05-22,189,Kendall3@hhu.de
2432,2024-05-22,192,Pat3@hhu.de
2433,2024-05-22,114,Jody2@hhu.de
2434,2024-05-22,120,Harley2@hhu.de
2435,2024-05-22,112,Jaime2@hhu.de
2436,2024-05-22,42,Jody1@hhu.de
2437,2024-05-22,241,Sloan3@hhu.de
2438,2024-05-22,44,Payton1@hhu.de
2439,2024-05-22,218,Lavern3@hhu.de
2440,2024-05-22,194,Harley3@hhu.de
2441,2024-05-22,256,Jourdan3@hhu.de
2442,2024-05-22,238,Carrol3@hhu.de
2443,2024-05-22,53,Carey1@hhu.de
2444,2024-05-22,166,Yael2@hhu.de
2445,2024-05-22,121,Reese2@hhu.de
2446,2024-05-22,209,Phoenix3@hhu.de
2447,2024-05-22,234,Remy3@hhu.de
2448,2024-05-22,174,Torey2@hhu.de
2449,2024-05-22,156,Michal2@hhu.de
2450,2024-05-22,167,Sloan2@hhu.de
2451,2024-05-22,236,Ricki3@hhu.de
2452,2024-05-22,293,Jaylin4@hhu.de
2453,2024-05-22,319,Remy4@hhu.de
2454,2024-05-22,104,Kalani1@hhu.de
2455,2024-05-22,331,Artie4@hhu.de
2456,2024-05-22,99,Lorenza1@hhu.de
2457,2024-05-22,163,Jordin2@hhu.de
2458,2024-05-22,47,Quinn1@hhu.de
2459,2024-05-22,159,Dominque2@hhu.de
2460,2024-05-22,102,Torey1@hhu.de
2461,2024-05-22,90,Ricki1@hhu.de
2462,2024-05-22,58,Stevie1@hhu.de
2463,2024-05-22,304,Sky4@hhu.de
2464,2024-05-22,294,Phoenix4@hhu.de
2465,2024-05-22,298,Finley4@hhu.de
2466,2024-05-22,85,Austyn1@hhu.de
2467,2024-05-22,171,Lorenza2@hhu.de
2468,2024-05-22,165,Landry2@hhu.de
2469,2024-05-22,118,Pat2@hhu.de
2470,2024-05-22,291,Ollie4@hhu.de
2471,2024-05-22,215,Tory3@hhu.de
2472,2024-05-22,50,Robbie1@hhu.de
2473,2024-05-22,219,Sky3@hhu.de
2474,2024-05-22,139,Finley2@hhu.de
2475,2024-05-22,113,Kerry2@hhu.de
2476,2024-05-22,137,Devyn2@hhu.de
2477,2024-05-22,212,Ivory3@hhu.de
2478,2024-05-22,197,Tommie3@hhu.de
2479,2024-05-22,271,Jaime4@hhu.de
2480,2024-05-23,292,Shea4@hhu.de
2481,2024-05-23,70,Shay1@hhu.de
2482,2024-05-23,325,Yael4@hhu.de
2483,2024-05-23,268,Jessie4@hhu.de
2484,2024-05-23,307,Arden4@hhu.de
2485,2024-05-23,47,Quinn1@hhu.de
2486,2024-05-23,189,Kendall3@hhu.de
2487,2024-05-23,36,Riley1@hhu.de
2488,2024-05-23,17,maikebil@hhu.de
2489,2024-05-23,86,Rian1@hhu.de
2490,2024-05-23,76,Arden1@hhu.de
2491,2024-05-23,304,Sky4@hhu.de
2492,2024-05-23,212,Ivory3@hhu.de
2493,2024-05-23,93,Landry1@hhu.de
2494,2024-05-23,51,Tommie1@hhu.de
2495,2024-05-23,181,Casey3@hhu.de
2496,2024-05-23,223,Campbell3@hhu.de
2497,2024-05-23,180,Merritt2@hhu.de
2498,2024-05-23,50,Robbie1@hhu.de
2499,2024-05-23,72,Lavern1@hhu.de
2500,2024-05-23,95,Sloan1@hhu.de
2501,2024-05-23,275,Payton4@hhu.de
2502,2024-05-23,158,Rian2@hhu.de
2503,2024-05-23,71,Shiloh1@hhu.de
2504,2024-05-23,167,Sloan2@hhu.de
2505,2024-05-23,102,Torey1@hhu.de
2506,2024-05-23,236,Ricki3@hhu.de
2507,2024-05-23,263,Dru3@hhu.de
2508,2024-05-23,272,Kerry4@hhu.de
2509,2024-05-23,58,Stevie1@hhu.de
2510,2024-05-23,256,Jourdan3@hhu.de
2511,2024-05-23,298,Finley4@hhu.de
2512,2024-05-23,197,Tommie3@hhu.de
2513,2024-05-23,136,Charley2@hhu.de
2514,2024-05-23,324,Landry4@hhu.de
2515,2024-05-23,120,Harley2@hhu.de
2516,2024-05-23,104,Kalani1@hhu.de
2517,2024-05-23,137,Devyn2@hhu.de
2518,2024-05-23,169,Azariah2@hhu.de
2519,2024-05-23,87,Dominque1@hhu.de
2520,2024-05-23,138,Ivory2@hhu.de
2521,2024-05-23,165,Landry2@hhu.de
2522,2024-05-23,295,Charley4@hhu.de
2523,2024-05-23,129,Emery2@hhu.de
2524,2024-05-23,78,Channing1@hhu.de
2525,2024-05-23,42,Jody1@hhu.de
2526,2024-05-23,118,Pat2@hhu.de
2527,2024-05-24,319,Remy4@hhu.de
2528,2024-05-24,241,Sloan3@hhu.de
2529,2024-05-24,221,Leighton3@hhu.de
2530,2024-05-24,70,Shay1@hhu.de
2531,2024-05-24,315,Michal4@hhu.de
2532,2024-05-24,282,Tommie4@hhu.de
2533,2024-05-24,259,Arin3@hhu.de
2534,2024-05-24,317,Rian4@hhu.de
2535,2024-05-24,189,Kendall3@hhu.de
2536,2024-05-24,291,Ollie4@hhu.de
2537,2024-05-24,212,Ivory3@hhu.de
2538,2024-05-24,296,Devyn4@hhu.de
2539,2024-05-24,87,Dominque1@hhu.de
2540,2024-05-24,121,Reese2@hhu.de
2541,2024-05-24,104,Kalani1@hhu.de
2542,2024-05-24,192,Pat3@hhu.de
2543,2024-05-24,268,Jessie4@hhu.de
2544,2024-05-24,140,Milan2@hhu.de
2545,2024-05-24,41,Kerry1@hhu.de
2546,2024-05-24,120,Harley2@hhu.de
2547,2024-05-24,209,Phoenix3@hhu.de
2548,2024-05-24,234,Remy3@hhu.de
2549,2024-05-24,50,Robbie1@hhu.de
2550,2024-05-24,94,Yael1@hhu.de
2551,2024-05-24,131,Rowan2@hhu.de
2552,2024-05-24,275,Payton4@hhu.de
2553,2024-05-24,263,Dru3@hhu.de
2554,2024-05-24,40,Jaime1@hhu.de
2555,2024-05-24,42,Jody1@hhu.de
2556,2024-05-24,129,Emery2@hhu.de
2557,2024-05-24,204,Stevie3@hhu.de
2558,2024-05-24,72,Lavern1@hhu.de
2559,2024-05-24,301,Shay4@hhu.de
2560,2024-05-24,328,Azariah4@hhu.de
2561,2024-05-24,280,Reese4@hhu.de
2562,2024-05-24,136,Charley2@hhu.de
2563,2024-05-24,242,Jael3@hhu.de
2564,2024-05-24,205,Rowan3@hhu.de
2565,2024-05-24,115,Kendall2@hhu.de
2566,2024-05-24,163,Jordin2@hhu.de
2567,2024-05-24,58,Stevie1@hhu.de
2568,2024-05-24,218,Lavern3@hhu.de
2569,2024-05-24,244,Dakotah3@hhu.de
2570,2024-05-24,181,Casey3@hhu.de
2571,2024-05-24,85,Austyn1@hhu.de
2572,2024-05-24,117,Frankie2@hhu.de
2573,2024-05-24,171,Lorenza2@hhu.de
2574,2024-05-24,77,Campbell1@hhu.de
2575,2024-05-24,215,Tory3@hhu.de
2576,2024-05-24,298,Finley4@hhu.de
2577,2024-05-24,295,Charley4@hhu.de
2578,2024-05-24,293,Jaylin4@hhu.de
2579,2024-05-24,310,Kamari4@hhu.de
2580,2024-05-24,278,Quinn4@hhu.de
2581,2024-05-25,292,Shea4@hhu.de
2582,2024-05-25,87,Dominque1@hhu.de
2583,2024-05-25,268,Jessie4@hhu.de
2584,2024-05-25,70,Shay1@hhu.de
2585,2024-05-25,259,Arin3@hhu.de
2586,2024-05-25,315,Michal4@hhu.de
2587,2024-05-25,280,Reese4@hhu.de
2588,2024-05-25,206,Ollie3@hhu.de
2589,2024-05-25,129,Emery2@hhu.de
2590,2024-05-25,140,Milan2@hhu.de
2591,2024-05-25,187,Kerry3@hhu.de
2592,2024-05-25,101,Maxie1@hhu.de
2593,2024-05-25,50,Robbie1@hhu.de
2594,2024-05-25,118,Pat2@hhu.de
2595,2024-05-25,325,Yael4@hhu.de
2596,2024-05-25,256,Jourdan3@hhu.de
2597,2024-05-25,139,Finley2@hhu.de
2598,2024-05-26,127,Elisha2@hhu.de
2599,2024-05-26,194,Harley3@hhu.de
2600,2024-05-26,215,Tory3@hhu.de
2601,2024-05-26,275,Payton4@hhu.de
2602,2024-05-26,120,Harley2@hhu.de
2603,2024-05-26,204,Stevie3@hhu.de
2604,2024-05-26,50,Robbie1@hhu.de
